set,set id,name,id,card number,image,prices,price,cost,obtained
Brilliant Stars,swsh9,Tropius,swsh9-5,5,"{'small': 'https://images.pokemontcg.io/swsh9/5.png', 'large': 'https://images.pokemontcg.io/swsh9/5_hires.png'}","{'url': 'https://prices.pokemontcg.io/tcgplayer/swsh9-5', 'updatedAt': '2025/01/08', 'prices': {'reverseHolofoil': {'low': 0.03, 'mid': 0.2, 'high': 2.0, 'market': 0.2, 'directLow': None}, 'normal': {'low': 0.01, 'mid': 0.1, 'high': 1.27, 'market': 0.07, 'directLow': None}}}",0.07,0,False
Brilliant Stars,swsh9,Turtwig,swsh9-6,6,"{'small': 'https://images.pokemontcg.io/swsh9/6.png', 'large': 'https://images.pokemontcg.io/swsh9/6_hires.png'}","{'url': 'https://prices.pokemontcg.io/tcgplayer/swsh9-6', 'updatedAt': '2025/01/08', 'prices': {'normal': {'low': 0.01, 'mid': 0.1, 'high': 11.5, 'market': 0.05, 'directLow': None}, 'reverseHolofoil': {'low': 0.03, 'mid': 0.15, 'high': 2.0, 'market': 0.15, 'directLow': 0.12}}}",0.05,0,False
Brilliant Stars,swsh9,Torterra,swsh9-8,8,"{'small': 'https://images.pokemontcg.io/swsh9/8.png', 'large': 'https://images.pokemontcg.io/swsh9/8_hires.png'}","{'url': 'https://prices.pokemontcg.io/tcgplayer/swsh9-8', 'updatedAt': '2025/01/08', 'prices': {'reverseHolofoil': {'low': 0.08, 'mid': 0.25, 'high': 2.95, 'market': 0.26, 'directLow': None}, 'holofoil': {'low': 0.05, 'mid': 0.22, 'high': 5.05, 'market': 0.18, 'directLow': None}}}",0.26,0,False
Brilliant Stars,swsh9,Wormadam,swsh9-10,10,"{'small': 'https://images.pokemontcg.io/swsh9/10.png', 'large': 'https://images.pokemontcg.io/swsh9/10_hires.png'}","{'url': 'https://prices.pokemontcg.io/tcgplayer/swsh9-10', 'updatedAt': '2025/01/08', 'prices': {'reverseHolofoil': {'low': 0.03, 'mid': 0.17, 'high': 3.3, 'market': 0.13, 'directLow': None}, 'normal': {'low': 0.01, 'mid': 0.12, 'high': 11.5, 'market': 0.11, 'directLow': 0.06}}}",0.11,0,False
Brilliant Stars,swsh9,Mothim,swsh9-11,11,"{'small': 'https://images.pokemontcg.io/swsh9/11.png', 'large': 'https://images.pokemontcg.io/swsh9/11_hires.png'}","{'url': 'https://prices.pokemontcg.io/tcgplayer/swsh9-11', 'updatedAt': '2025/01/08', 'prices': {'normal': {'low': 0.01, 'mid': 0.15, 'high': 5.01, 'market': 0.07, 'directLow': 0.07}, 'reverseHolofoil': {'low': 0.02, 'mid': 0.19, 'high': 3.3, 'market': 0.16, 'directLow': 0.14}}}",0.07,0,False
Brilliant Stars,swsh9,Karrablast,swsh9-15,15,"{'small': 'https://images.pokemontcg.io/swsh9/15.png', 'large': 'https://images.pokemontcg.io/swsh9/15_hires.png'}","{'url': 'https://prices.pokemontcg.io/tcgplayer/swsh9-15', 'updatedAt': '2025/01/08', 'prices': {'normal': {'low': 0.01, 'mid': 0.09, 'high': 2.02, 'market': 0.05, 'directLow': None}, 'reverseHolofoil': {'low': 0.03, 'mid': 0.15, 'high': 2.0, 'market': 0.13, 'directLow': None}}}",0.05,0,False
Brilliant Stars,swsh9,Infernape,swsh9-26,26,"{'small': 'https://images.pokemontcg.io/swsh9/26.png', 'large': 'https://images.pokemontcg.io/swsh9/26_hires.png'}","{'url': 'https://prices.pokemontcg.io/tcgplayer/swsh9-26', 'updatedAt': '2025/01/08', 'prices': {'holofoil': {'low': 0.03, 'mid': 0.2, 'high': 4.0, 'market': 0.27, 'directLow': None}, 'reverseHolofoil': {'low': 0.06, 'mid': 0.3, 'high': 4.95, 'market': 0.34, 'directLow': None}}}",0.34,0,False
Brilliant Stars,swsh9,Kingler V,swsh9-28,28,"{'small': 'https://images.pokemontcg.io/swsh9/28.png', 'large': 'https://images.pokemontcg.io/swsh9/28_hires.png'}","{'url': 'https://prices.pokemontcg.io/tcgplayer/swsh9-28', 'updatedAt': '2025/01/08', 'prices': {'holofoil': {'low': 0.34, 'mid': 0.68, 'high': 12.95, 'market': 0.59, 'directLow': None}}}",0.59,0,False
Brilliant Stars,swsh9,Corphish,swsh9-32,32,"{'small': 'https://images.pokemontcg.io/swsh9/32.png', 'large': 'https://images.pokemontcg.io/swsh9/32_hires.png'}","{'url': 'https://prices.pokemontcg.io/tcgplayer/swsh9-32', 'updatedAt': '2025/01/08', 'prices': {'normal': {'low': 0.01, 'mid': 0.08, 'high': 2.02, 'market': 0.05, 'directLow': None}, 'reverseHolofoil': {'low': 0.04, 'mid': 0.15, 'high': 2.0, 'market': 0.09, 'directLow': None}}}",0.05,0,False
Brilliant Stars,swsh9,Snorunt,swsh9-34,34,"{'small': 'https://images.pokemontcg.io/swsh9/34.png', 'large': 'https://images.pokemontcg.io/swsh9/34_hires.png'}","{'url': 'https://prices.pokemontcg.io/tcgplayer/swsh9-34', 'updatedAt': '2025/01/08', 'prices': {'reverseHolofoil': {'low': 0.03, 'mid': 0.15, 'high': 1.31, 'market': 0.14, 'directLow': None}, 'normal': {'low': 0.01, 'mid': 0.06, 'high': 1.27, 'market': 0.04, 'directLow': None}}}",0.04,0,False
Brilliant Stars,swsh9,Prinplup,swsh9-36,36,"{'small': 'https://images.pokemontcg.io/swsh9/36.png', 'large': 'https://images.pokemontcg.io/swsh9/36_hires.png'}","{'url': 'https://prices.pokemontcg.io/tcgplayer/swsh9-36', 'updatedAt': '2025/01/08', 'prices': {'reverseHolofoil': {'low': 0.05, 'mid': 0.16, 'high': 2.0, 'market': 0.16, 'directLow': 0.07}, 'normal': {'low': 0.01, 'mid': 0.1, 'high': 1.37, 'market': 0.05, 'directLow': None}}}",0.05,0,False
Brilliant Stars,swsh9,Duskull,swsh9-60,60,"{'small': 'https://images.pokemontcg.io/swsh9/60.png', 'large': 'https://images.pokemontcg.io/swsh9/60_hires.png'}","{'url': 'https://prices.pokemontcg.io/tcgplayer/swsh9-60', 'updatedAt': '2025/01/08', 'prices': {'reverseHolofoil': {'low': 0.04, 'mid': 0.25, 'high': 20.23, 'market': 0.37, 'directLow': None}, 'normal': {'low': 0.01, 'mid': 0.1, 'high': 2.0, 'market': 0.05, 'directLow': None}}}",0.05,0,False
Brilliant Stars,swsh9,Whimsicott V,swsh9-64,64,"{'small': 'https://images.pokemontcg.io/swsh9/64.png', 'large': 'https://images.pokemontcg.io/swsh9/64_hires.png'}","{'url': 'https://prices.pokemontcg.io/tcgplayer/swsh9-64', 'updatedAt': '2025/01/08', 'prices': {'holofoil': {'low': 0.2, 'mid': 0.75, 'high': 35.0, 'market': 0.41, 'directLow': None}}}",0.41,0,False
Brilliant Stars,swsh9,Mimikyu V,swsh9-68,68,"{'small': 'https://images.pokemontcg.io/swsh9/68.png', 'large': 'https://images.pokemontcg.io/swsh9/68_hires.png'}","{'url': 'https://prices.pokemontcg.io/tcgplayer/swsh9-68', 'updatedAt': '2025/01/08', 'prices': {'holofoil': {'low': 0.23, 'mid': 0.75, 'high': 6.95, 'market': 0.64, 'directLow': 0.99}}}",0.64,0,False
Brilliant Stars,swsh9,Milcery,swsh9-70,70,"{'small': 'https://images.pokemontcg.io/swsh9/70.png', 'large': 'https://images.pokemontcg.io/swsh9/70_hires.png'}","{'url': 'https://prices.pokemontcg.io/tcgplayer/swsh9-70', 'updatedAt': '2025/01/08', 'prices': {'reverseHolofoil': {'low': 0.04, 'mid': 0.15, 'high': 2.0, 'market': 0.14, 'directLow': 0.04}, 'normal': {'low': 0.01, 'mid': 0.08, 'high': 4.0, 'market': 0.05, 'directLow': 0.02}}}",0.05,0,False
Brilliant Stars,swsh9,Riolu,swsh9-78,78,"{'small': 'https://images.pokemontcg.io/swsh9/78.png', 'large': 'https://images.pokemontcg.io/swsh9/78_hires.png'}","{'url': 'https://prices.pokemontcg.io/tcgplayer/swsh9-78', 'updatedAt': '2025/01/08', 'prices': {'reverseHolofoil': {'low': 0.02, 'mid': 0.15, 'high': 2.0, 'market': 0.12, 'directLow': None}, 'normal': {'low': 0.01, 'mid': 0.09, 'high': 2.03, 'market': 0.07, 'directLow': None}}}",0.07,0,False
Brilliant Stars,swsh9,Lucario,swsh9-79,79,"{'small': 'https://images.pokemontcg.io/swsh9/79.png', 'large': 'https://images.pokemontcg.io/swsh9/79_hires.png'}","{'url': 'https://prices.pokemontcg.io/tcgplayer/swsh9-79', 'updatedAt': '2025/01/08', 'prices': {'holofoil': {'low': 0.07, 'mid': 0.21, 'high': 5.07, 'market': 0.18, 'directLow': 0.15}, 'reverseHolofoil': {'low': 0.05, 'mid': 0.31, 'high': 3.0, 'market': 0.24, 'directLow': 0.27}}}",0.24,0,False
Brilliant Stars,swsh9,Throh,swsh9-80,80,"{'small': 'https://images.pokemontcg.io/swsh9/80.png', 'large': 'https://images.pokemontcg.io/swsh9/80_hires.png'}","{'url': 'https://prices.pokemontcg.io/tcgplayer/swsh9-80', 'updatedAt': '2025/01/08', 'prices': {'normal': {'low': 0.01, 'mid': 0.08, 'high': 1.18, 'market': 0.04, 'directLow': 0.01}, 'reverseHolofoil': {'low': 0.03, 'mid': 0.15, 'high': 2.0, 'market': 0.11, 'directLow': None}}}",0.04,0,False
Brilliant Stars,swsh9,Sneasel,swsh9-86,86,"{'small': 'https://images.pokemontcg.io/swsh9/86.png', 'large': 'https://images.pokemontcg.io/swsh9/86_hires.png'}","{'url': 'https://prices.pokemontcg.io/tcgplayer/swsh9-86', 'updatedAt': '2025/01/08', 'prices': {'reverseHolofoil': {'low': 0.03, 'mid': 0.15, 'high': 2.0, 'market': 0.12, 'directLow': None}, 'normal': {'low': 0.01, 'mid': 0.08, 'high': 2.0, 'market': 0.05, 'directLow': None}}}",0.05,0,False
Brilliant Stars,swsh9,Weavile,swsh9-87,87,"{'small': 'https://images.pokemontcg.io/swsh9/87.png', 'large': 'https://images.pokemontcg.io/swsh9/87_hires.png'}","{'url': 'https://prices.pokemontcg.io/tcgplayer/swsh9-87', 'updatedAt': '2025/01/08', 'prices': {'normal': {'low': 0.01, 'mid': 0.1, 'high': 1.18, 'market': 0.03, 'directLow': None}, 'reverseHolofoil': {'low': 0.02, 'mid': 0.15, 'high': 1.95, 'market': 0.14, 'directLow': 0.04}}}",0.03,0,False
Brilliant Stars,swsh9,Impidimp,swsh9-92,92,"{'small': 'https://images.pokemontcg.io/swsh9/92.png', 'large': 'https://images.pokemontcg.io/swsh9/92_hires.png'}","{'url': 'https://prices.pokemontcg.io/tcgplayer/swsh9-92', 'updatedAt': '2025/01/08', 'prices': {'reverseHolofoil': {'low': 0.04, 'mid': 0.15, 'high': 1.31, 'market': 0.11, 'directLow': None}, 'normal': {'low': 0.01, 'mid': 0.07, 'high': 2.02, 'market': 0.05, 'directLow': None}}}",0.05,0,False
Brilliant Stars,swsh9,Aggron VMAX,swsh9-97,97,"{'small': 'https://images.pokemontcg.io/swsh9/97.png', 'large': 'https://images.pokemontcg.io/swsh9/97_hires.png'}","{'url': 'https://prices.pokemontcg.io/tcgplayer/swsh9-97', 'updatedAt': '2025/01/08', 'prices': {'holofoil': {'low': 0.79, 'mid': 1.75, 'high': 9.95, 'market': 1.65, 'directLow': 1.9}}}",1.65,0,False
Brilliant Stars,swsh9,Probopass,swsh9-99,99,"{'small': 'https://images.pokemontcg.io/swsh9/99.png', 'large': 'https://images.pokemontcg.io/swsh9/99_hires.png'}","{'url': 'https://prices.pokemontcg.io/tcgplayer/swsh9-99', 'updatedAt': '2025/01/08', 'prices': {'reverseHolofoil': {'low': 0.02, 'mid': 0.15, 'high': 2.0, 'market': 0.14, 'directLow': 0.08}, 'normal': {'low': 0.01, 'mid': 0.1, 'high': 1.27, 'market': 0.05, 'directLow': 0.03}}}",0.05,0,False
Brilliant Stars,swsh9,Heatran,swsh9-100,100,"{'small': 'https://images.pokemontcg.io/swsh9/100.png', 'large': 'https://images.pokemontcg.io/swsh9/100_hires.png'}","{'url': 'https://prices.pokemontcg.io/tcgplayer/swsh9-100', 'updatedAt': '2025/01/08', 'prices': {'reverseHolofoil': {'low': 0.03, 'mid': 0.2, 'high': 3.3, 'market': 0.13, 'directLow': 0.1}, 'normal': {'low': 0.03, 'mid': 0.15, 'high': 11.5, 'market': 0.11, 'directLow': 0.08}}}",0.11,0,False
Brilliant Stars,swsh9,Axew,swsh9-110,110,"{'small': 'https://images.pokemontcg.io/swsh9/110.png', 'large': 'https://images.pokemontcg.io/swsh9/110_hires.png'}","{'url': 'https://prices.pokemontcg.io/tcgplayer/swsh9-110', 'updatedAt': '2025/01/08', 'prices': {'reverseHolofoil': {'low': 0.05, 'mid': 0.19, 'high': 2.0, 'market': 0.17, 'directLow': None}, 'normal': {'low': 0.01, 'mid': 0.1, 'high': 1.5, 'market': 0.06, 'directLow': None}}}",0.06,0,False
Brilliant Stars,swsh9,Fraxure,swsh9-111,111,"{'small': 'https://images.pokemontcg.io/swsh9/111.png', 'large': 'https://images.pokemontcg.io/swsh9/111_hires.png'}","{'url': 'https://prices.pokemontcg.io/tcgplayer/swsh9-111', 'updatedAt': '2025/01/08', 'prices': {'normal': {'low': 0.01, 'mid': 0.1, 'high': 1.5, 'market': 0.07, 'directLow': None}, 'reverseHolofoil': {'low': 0.04, 'mid': 0.15, 'high': 2.0, 'market': 0.12, 'directLow': 0.1}}}",0.07,0,False
Brilliant Stars,swsh9,Farfetch'd,swsh9-115,115,"{'small': 'https://images.pokemontcg.io/swsh9/115.png', 'large': 'https://images.pokemontcg.io/swsh9/115_hires.png'}","{'url': 'https://prices.pokemontcg.io/tcgplayer/swsh9-115', 'updatedAt': '2025/01/08', 'prices': {'normal': {'low': 0.01, 'mid': 0.07, 'high': 11.5, 'market': 0.04, 'directLow': 0.03}, 'reverseHolofoil': {'low': 0.02, 'mid': 0.15, 'high': 2.0, 'market': 0.15, 'directLow': None}}}",0.04,0,False
Brilliant Stars,swsh9,Starly,swsh9-117,117,"{'small': 'https://images.pokemontcg.io/swsh9/117.png', 'large': 'https://images.pokemontcg.io/swsh9/117_hires.png'}","{'url': 'https://prices.pokemontcg.io/tcgplayer/swsh9-117', 'updatedAt': '2025/01/08', 'prices': {'reverseHolofoil': {'low': 0.05, 'mid': 0.15, 'high': 2.0, 'market': 0.11, 'directLow': None}, 'normal': {'low': 0.01, 'mid': 0.06, 'high': 2.02, 'market': 0.03, 'directLow': None}}}",0.03,0,False
Brilliant Stars,swsh9,Cinccino,swsh9-125,125,"{'small': 'https://images.pokemontcg.io/swsh9/125.png', 'large': 'https://images.pokemontcg.io/swsh9/125_hires.png'}","{'url': 'https://prices.pokemontcg.io/tcgplayer/swsh9-125', 'updatedAt': '2025/01/08', 'prices': {'reverseHolofoil': {'low': 0.05, 'mid': 0.15, 'high': 1.24, 'market': 0.15, 'directLow': None}, 'normal': {'low': 0.01, 'mid': 0.1, 'high': 1.27, 'market': 0.05, 'directLow': None}}}",0.05,0,False
Brilliant Stars,swsh9,Cherubi,swsh9-12,12,"{'small': 'https://images.pokemontcg.io/swsh9/12.png', 'large': 'https://images.pokemontcg.io/swsh9/12_hires.png'}","{'url': 'https://prices.pokemontcg.io/tcgplayer/swsh9-12', 'updatedAt': '2025/01/08', 'prices': {'normal': {'low': 0.01, 'mid': 0.1, 'high': 11.5, 'market': 0.07, 'directLow': None}, 'reverseHolofoil': {'low': 0.05, 'mid': 0.17, 'high': 2.0, 'market': 0.15, 'directLow': None}}}",0.07,0,False
Brilliant Stars,swsh9,Shaymin VSTAR,swsh9-14,14,"{'small': 'https://images.pokemontcg.io/swsh9/14.png', 'large': 'https://images.pokemontcg.io/swsh9/14_hires.png'}","{'url': 'https://prices.pokemontcg.io/tcgplayer/swsh9-14', 'updatedAt': '2025/01/08', 'prices': {'holofoil': {'low': 0.25, 'mid': 0.99, 'high': 6.99, 'market': 0.68, 'directLow': None}}}",0.68,0,False
Brilliant Stars,swsh9,Moltres,swsh9-21,21,"{'small': 'https://images.pokemontcg.io/swsh9/21.png', 'large': 'https://images.pokemontcg.io/swsh9/21_hires.png'}","{'url': 'https://prices.pokemontcg.io/tcgplayer/swsh9-21', 'updatedAt': '2025/01/08', 'prices': {'holofoil': {'low': 0.04, 'mid': 0.22, 'high': 10.0, 'market': 0.2, 'directLow': None}, 'reverseHolofoil': {'low': 0.09, 'mid': 0.28, 'high': 2.95, 'market': 0.27, 'directLow': None}}}",0.27,0,False
Brilliant Stars,swsh9,Chimchar,swsh9-24,24,"{'small': 'https://images.pokemontcg.io/swsh9/24.png', 'large': 'https://images.pokemontcg.io/swsh9/24_hires.png'}","{'url': 'https://prices.pokemontcg.io/tcgplayer/swsh9-24', 'updatedAt': '2025/01/08', 'prices': {'normal': {'low': 0.01, 'mid': 0.09, 'high': 2.03, 'market': 0.04, 'directLow': None}, 'reverseHolofoil': {'low': 0.01, 'mid': 0.15, 'high': 2.0, 'market': 0.15, 'directLow': None}}}",0.04,0,False
Brilliant Stars,swsh9,Kingler VMAX,swsh9-29,29,"{'small': 'https://images.pokemontcg.io/swsh9/29.png', 'large': 'https://images.pokemontcg.io/swsh9/29_hires.png'}","{'url': 'https://prices.pokemontcg.io/tcgplayer/swsh9-29', 'updatedAt': '2025/01/08', 'prices': {'holofoil': {'low': 0.7, 'mid': 1.48, 'high': 9999.99, 'market': 1.36, 'directLow': 1.71}}}",1.36,0,False
Brilliant Stars,swsh9,Staryu,swsh9-30,30,"{'small': 'https://images.pokemontcg.io/swsh9/30.png', 'large': 'https://images.pokemontcg.io/swsh9/30_hires.png'}","{'url': 'https://prices.pokemontcg.io/tcgplayer/swsh9-30', 'updatedAt': '2025/01/08', 'prices': {'normal': {'low': 0.01, 'mid': 0.09, 'high': 2.04, 'market': 0.07, 'directLow': None}, 'reverseHolofoil': {'low': 0.05, 'mid': 0.17, 'high': 1.32, 'market': 0.17, 'directLow': None}}}",0.07,0,False
Brilliant Stars,swsh9,Lapras,swsh9-31,31,"{'small': 'https://images.pokemontcg.io/swsh9/31.png', 'large': 'https://images.pokemontcg.io/swsh9/31_hires.png'}","{'url': 'https://prices.pokemontcg.io/tcgplayer/swsh9-31', 'updatedAt': '2025/01/08', 'prices': {'reverseHolofoil': {'low': 0.05, 'mid': 0.21, 'high': 3.3, 'market': 0.2, 'directLow': None}, 'normal': {'low': 0.01, 'mid': 0.13, 'high': 4.0, 'market': 0.11, 'directLow': None}}}",0.11,0,False
Brilliant Stars,swsh9,Floatzel,swsh9-39,39,"{'small': 'https://images.pokemontcg.io/swsh9/39.png', 'large': 'https://images.pokemontcg.io/swsh9/39_hires.png'}","{'url': 'https://prices.pokemontcg.io/tcgplayer/swsh9-39', 'updatedAt': '2025/01/08', 'prices': {'normal': {'low': 0.01, 'mid': 0.1, 'high': 1.27, 'market': 0.05, 'directLow': None}, 'reverseHolofoil': {'low': 0.02, 'mid': 0.15, 'high': 2.0, 'market': 0.1, 'directLow': 0.07}}}",0.05,0,False
Brilliant Stars,swsh9,Eiscue,swsh9-44,44,"{'small': 'https://images.pokemontcg.io/swsh9/44.png', 'large': 'https://images.pokemontcg.io/swsh9/44_hires.png'}","{'url': 'https://prices.pokemontcg.io/tcgplayer/swsh9-44', 'updatedAt': '2025/01/08', 'prices': {'reverseHolofoil': {'low': 0.03, 'mid': 0.2, 'high': 3.3, 'market': 0.1, 'directLow': None}, 'normal': {'low': 0.01, 'mid': 0.15, 'high': 5.01, 'market': 0.12, 'directLow': 0.08}}}",0.12,0,False
Brilliant Stars,swsh9,Electabuzz,swsh9-46,46,"{'small': 'https://images.pokemontcg.io/swsh9/46.png', 'large': 'https://images.pokemontcg.io/swsh9/46_hires.png'}","{'url': 'https://prices.pokemontcg.io/tcgplayer/swsh9-46', 'updatedAt': '2025/01/08', 'prices': {'reverseHolofoil': {'low': 0.05, 'mid': 0.15, 'high': 2.0, 'market': 0.13, 'directLow': None}, 'normal': {'low': 0.01, 'mid': 0.08, 'high': 1.27, 'market': 0.04, 'directLow': 0.02}}}",0.04,0,False
Brilliant Stars,swsh9,Shinx,swsh9-49,49,"{'small': 'https://images.pokemontcg.io/swsh9/49.png', 'large': 'https://images.pokemontcg.io/swsh9/49_hires.png'}","{'url': 'https://prices.pokemontcg.io/tcgplayer/swsh9-49', 'updatedAt': '2025/01/08', 'prices': {'normal': {'low': 0.01, 'mid': 0.07, 'high': 1.27, 'market': 0.07, 'directLow': 0.01}, 'reverseHolofoil': {'low': 0.03, 'mid': 0.17, 'high': 1.2, 'market': 0.17, 'directLow': 0.12}}}",0.07,0,False
Brilliant Stars,swsh9,Clefable,swsh9-54,54,"{'small': 'https://images.pokemontcg.io/swsh9/54.png', 'large': 'https://images.pokemontcg.io/swsh9/54_hires.png'}","{'url': 'https://prices.pokemontcg.io/tcgplayer/swsh9-54', 'updatedAt': '2025/01/08', 'prices': {'normal': {'low': 0.01, 'mid': 0.13, 'high': 4.0, 'market': 0.11, 'directLow': None}, 'reverseHolofoil': {'low': 0.07, 'mid': 0.18, 'high': 3.3, 'market': 0.18, 'directLow': None}}}",0.11,0,False
Brilliant Stars,swsh9,Mewtwo,swsh9-56,56,"{'small': 'https://images.pokemontcg.io/swsh9/56.png', 'large': 'https://images.pokemontcg.io/swsh9/56_hires.png'}","{'url': 'https://prices.pokemontcg.io/tcgplayer/swsh9-56', 'updatedAt': '2025/01/08', 'prices': {'normal': {'low': 0.01, 'mid': 0.18, 'high': 5.01, 'market': 0.18, 'directLow': 0.03}, 'reverseHolofoil': {'low': 0.1, 'mid': 0.27, 'high': 3.3, 'market': 0.28, 'directLow': None}}}",0.18,0,False
Brilliant Stars,swsh9,Granbull V,swsh9-57,57,"{'small': 'https://images.pokemontcg.io/swsh9/57.png', 'large': 'https://images.pokemontcg.io/swsh9/57_hires.png'}","{'url': 'https://prices.pokemontcg.io/tcgplayer/swsh9-57', 'updatedAt': '2025/01/08', 'prices': {'holofoil': {'low': 0.2, 'mid': 0.69, 'high': 9.99, 'market': 0.41, 'directLow': 0.33}}}",0.41,0,False
Brilliant Stars,swsh9,Dusknoir,swsh9-62,62,"{'small': 'https://images.pokemontcg.io/swsh9/62.png', 'large': 'https://images.pokemontcg.io/swsh9/62_hires.png'}","{'url': 'https://prices.pokemontcg.io/tcgplayer/swsh9-62', 'updatedAt': '2025/01/08', 'prices': {'reverseHolofoil': {'low': 0.05, 'mid': 0.2, 'high': 2.0, 'market': 0.16, 'directLow': 0.12}, 'holofoil': {'low': 0.01, 'mid': 0.17, 'high': 4.0, 'market': 0.15, 'directLow': None}}}",0.16,0,False
Brilliant Stars,swsh9,Whimsicott VSTAR,swsh9-65,65,"{'small': 'https://images.pokemontcg.io/swsh9/65.png', 'large': 'https://images.pokemontcg.io/swsh9/65_hires.png'}","{'url': 'https://prices.pokemontcg.io/tcgplayer/swsh9-65', 'updatedAt': '2025/01/08', 'prices': {'holofoil': {'low': 0.24, 'mid': 0.9, 'high': 15.95, 'market': 0.65, 'directLow': None}}}",0.65,0,False
Brilliant Stars,swsh9,Wormadam,swsh9-77,77,"{'small': 'https://images.pokemontcg.io/swsh9/77.png', 'large': 'https://images.pokemontcg.io/swsh9/77_hires.png'}","{'url': 'https://prices.pokemontcg.io/tcgplayer/swsh9-77', 'updatedAt': '2025/01/08', 'prices': {'normal': {'low': 0.02, 'mid': 0.15, 'high': 11.5, 'market': 0.12, 'directLow': 0.07}, 'reverseHolofoil': {'low': 0.01, 'mid': 0.16, 'high': 3.3, 'market': 0.09, 'directLow': None}}}",0.12,0,False
Brilliant Stars,swsh9,Golett,swsh9-82,82,"{'small': 'https://images.pokemontcg.io/swsh9/82.png', 'large': 'https://images.pokemontcg.io/swsh9/82_hires.png'}","{'url': 'https://prices.pokemontcg.io/tcgplayer/swsh9-82', 'updatedAt': '2025/01/08', 'prices': {'reverseHolofoil': {'low': 0.03, 'mid': 0.15, 'high': 2.0, 'market': 0.09, 'directLow': None}, 'normal': {'low': 0.01, 'mid': 0.08, 'high': 2.02, 'market': 0.04, 'directLow': None}}}",0.04,0,False
Brilliant Stars,swsh9,Purrloin,swsh9-90,90,"{'small': 'https://images.pokemontcg.io/swsh9/90.png', 'large': 'https://images.pokemontcg.io/swsh9/90_hires.png'}","{'url': 'https://prices.pokemontcg.io/tcgplayer/swsh9-90', 'updatedAt': '2025/01/08', 'prices': {'reverseHolofoil': {'low': 0.02, 'mid': 0.15, 'high': 2.0, 'market': 0.12, 'directLow': None}, 'normal': {'low': 0.01, 'mid': 0.08, 'high': 2.0, 'market': 0.07, 'directLow': None}}}",0.07,0,False
Brilliant Stars,swsh9,Morpeko V,swsh9-95,95,"{'small': 'https://images.pokemontcg.io/swsh9/95.png', 'large': 'https://images.pokemontcg.io/swsh9/95_hires.png'}","{'url': 'https://prices.pokemontcg.io/tcgplayer/swsh9-95', 'updatedAt': '2025/01/08', 'prices': {'holofoil': {'low': 0.25, 'mid': 0.69, 'high': 5.95, 'market': 0.43, 'directLow': None}}}",0.43,0,False
Brilliant Stars,swsh9,Escavalier,swsh9-101,101,"{'small': 'https://images.pokemontcg.io/swsh9/101.png', 'large': 'https://images.pokemontcg.io/swsh9/101_hires.png'}","{'url': 'https://prices.pokemontcg.io/tcgplayer/swsh9-101', 'updatedAt': '2025/01/08', 'prices': {'normal': {'low': 0.01, 'mid': 0.12, 'high': 5.01, 'market': 0.07, 'directLow': 0.06}, 'reverseHolofoil': {'low': 0.04, 'mid': 0.19, 'high': 3.3, 'market': 0.16, 'directLow': None}}}",0.07,0,False
Brilliant Stars,swsh9,Klink,swsh9-102,102,"{'small': 'https://images.pokemontcg.io/swsh9/102.png', 'large': 'https://images.pokemontcg.io/swsh9/102_hires.png'}","{'url': 'https://prices.pokemontcg.io/tcgplayer/swsh9-102', 'updatedAt': '2025/01/08', 'prices': {'normal': {'low': 0.01, 'mid': 0.07, 'high': 1.18, 'market': 0.03, 'directLow': 0.01}, 'reverseHolofoil': {'low': 0.01, 'mid': 0.15, 'high': 2.0, 'market': 0.11, 'directLow': 0.08}}}",0.03,0,False
Brilliant Stars,swsh9,Flygon V,swsh9-106,106,"{'small': 'https://images.pokemontcg.io/swsh9/106.png', 'large': 'https://images.pokemontcg.io/swsh9/106_hires.png'}","{'url': 'https://prices.pokemontcg.io/tcgplayer/swsh9-106', 'updatedAt': '2025/01/08', 'prices': {'holofoil': {'low': 0.22, 'mid': 0.69, 'high': 5.95, 'market': 0.53, 'directLow': None}}}",0.53,0,False
Brilliant Stars,swsh9,Gabite,swsh9-108,108,"{'small': 'https://images.pokemontcg.io/swsh9/108.png', 'large': 'https://images.pokemontcg.io/swsh9/108_hires.png'}","{'url': 'https://prices.pokemontcg.io/tcgplayer/swsh9-108', 'updatedAt': '2025/01/08', 'prices': {'reverseHolofoil': {'low': 0.05, 'mid': 0.16, 'high': 2.0, 'market': 0.15, 'directLow': 0.15}, 'normal': {'low': 0.01, 'mid': 0.1, 'high': 1.26, 'market': 0.08, 'directLow': None}}}",0.08,0,False
Brilliant Stars,swsh9,Haxorus,swsh9-112,112,"{'small': 'https://images.pokemontcg.io/swsh9/112.png', 'large': 'https://images.pokemontcg.io/swsh9/112_hires.png'}","{'url': 'https://prices.pokemontcg.io/tcgplayer/swsh9-112', 'updatedAt': '2025/01/08', 'prices': {'reverseHolofoil': {'low': 0.02, 'mid': 0.2, 'high': 3.3, 'market': 0.19, 'directLow': None}, 'normal': {'low': 0.01, 'mid': 0.15, 'high': 5.01, 'market': 0.12, 'directLow': 0.08}}}",0.12,0,False
Brilliant Stars,swsh9,Druddigon,swsh9-113,113,"{'small': 'https://images.pokemontcg.io/swsh9/113.png', 'large': 'https://images.pokemontcg.io/swsh9/113_hires.png'}","{'url': 'https://prices.pokemontcg.io/tcgplayer/swsh9-113', 'updatedAt': '2025/01/08', 'prices': {'reverseHolofoil': {'low': 0.03, 'mid': 0.18, 'high': 2.0, 'market': 0.15, 'directLow': 0.13}, 'normal': {'low': 0.01, 'mid': 0.15, 'high': 11.5, 'market': 0.1, 'directLow': 0.07}}}",0.1,0,False
Brilliant Stars,swsh9,Bidoof,swsh9-120,120,"{'small': 'https://images.pokemontcg.io/swsh9/120.png', 'large': 'https://images.pokemontcg.io/swsh9/120_hires.png'}","{'url': 'https://prices.pokemontcg.io/tcgplayer/swsh9-120', 'updatedAt': '2025/01/08', 'prices': {'reverseHolofoil': {'low': 0.02, 'mid': 0.16, 'high': 2.0, 'market': 0.12, 'directLow': 0.1}, 'normal': {'low': 0.01, 'mid': 0.1, 'high': 11.5, 'market': 0.04, 'directLow': 0.03}}}",0.04,0,False
Brilliant Stars,swsh9,Exeggcute,swsh9-1,1,"{'small': 'https://images.pokemontcg.io/swsh9/1.png', 'large': 'https://images.pokemontcg.io/swsh9/1_hires.png'}","{'url': 'https://prices.pokemontcg.io/tcgplayer/swsh9-1', 'updatedAt': '2025/01/08', 'prices': {'normal': {'low': 0.01, 'mid': 0.09, 'high': 1.5, 'market': 0.03, 'directLow': 0.01}, 'reverseHolofoil': {'low': 0.04, 'mid': 0.15, 'high': 1.21, 'market': 0.12, 'directLow': None}}}",0.03,0,False
Brilliant Stars,swsh9,Shroomish,swsh9-3,3,"{'small': 'https://images.pokemontcg.io/swsh9/3.png', 'large': 'https://images.pokemontcg.io/swsh9/3_hires.png'}","{'url': 'https://prices.pokemontcg.io/tcgplayer/swsh9-3', 'updatedAt': '2025/01/08', 'prices': {'reverseHolofoil': {'low': 0.03, 'mid': 0.15, 'high': 12.0, 'market': 0.13, 'directLow': None}, 'normal': {'low': 0.01, 'mid': 0.08, 'high': 2.0, 'market': 0.06, 'directLow': 0.01}}}",0.06,0,False
Brilliant Stars,swsh9,Shaymin V,swsh9-13,13,"{'small': 'https://images.pokemontcg.io/swsh9/13.png', 'large': 'https://images.pokemontcg.io/swsh9/13_hires.png'}","{'url': 'https://prices.pokemontcg.io/tcgplayer/swsh9-13', 'updatedAt': '2025/01/08', 'prices': {'holofoil': {'low': 0.2, 'mid': 0.67, 'high': 9.99, 'market': 0.42, 'directLow': 0.35}}}",0.42,0,False
Brilliant Stars,swsh9,Charizard V,swsh9-17,17,"{'small': 'https://images.pokemontcg.io/swsh9/17.png', 'large': 'https://images.pokemontcg.io/swsh9/17_hires.png'}","{'url': 'https://prices.pokemontcg.io/tcgplayer/swsh9-17', 'updatedAt': '2025/01/08', 'prices': {'holofoil': {'low': 2.0, 'mid': 3.32, 'high': 25.0, 'market': 2.83, 'directLow': 3.48}}}",2.83,0,False
Brilliant Stars,swsh9,Torkoal,swsh9-23,23,"{'small': 'https://images.pokemontcg.io/swsh9/23.png', 'large': 'https://images.pokemontcg.io/swsh9/23_hires.png'}","{'url': 'https://prices.pokemontcg.io/tcgplayer/swsh9-23', 'updatedAt': '2025/01/08', 'prices': {'normal': {'low': 0.01, 'mid': 0.1, 'high': 1.27, 'market': 0.05, 'directLow': None}, 'reverseHolofoil': {'low': 0.01, 'mid': 0.15, 'high': 2.0, 'market': 0.12, 'directLow': None}}}",0.05,0,False
Brilliant Stars,swsh9,Simisear V,swsh9-27,27,"{'small': 'https://images.pokemontcg.io/swsh9/27.png', 'large': 'https://images.pokemontcg.io/swsh9/27_hires.png'}","{'url': 'https://prices.pokemontcg.io/tcgplayer/swsh9-27', 'updatedAt': '2025/01/08', 'prices': {'holofoil': {'low': 0.2, 'mid': 0.75, 'high': 9.99, 'market': 0.42, 'directLow': 0.35}}}",0.42,0,False
Brilliant Stars,swsh9,Crawdaunt,swsh9-33,33,"{'small': 'https://images.pokemontcg.io/swsh9/33.png', 'large': 'https://images.pokemontcg.io/swsh9/33_hires.png'}","{'url': 'https://prices.pokemontcg.io/tcgplayer/swsh9-33', 'updatedAt': '2025/01/08', 'prices': {'normal': {'low': 0.01, 'mid': 0.1, 'high': 2.0, 'market': 0.05, 'directLow': None}, 'reverseHolofoil': {'low': 0.04, 'mid': 0.15, 'high': 2.0, 'market': 0.13, 'directLow': None}}}",0.05,0,False
Brilliant Stars,swsh9,Empoleon,swsh9-37,37,"{'small': 'https://images.pokemontcg.io/swsh9/37.png', 'large': 'https://images.pokemontcg.io/swsh9/37_hires.png'}","{'url': 'https://prices.pokemontcg.io/tcgplayer/swsh9-37', 'updatedAt': '2025/01/08', 'prices': {'holofoil': {'low': 0.04, 'mid': 0.2, 'high': 2.95, 'market': 0.18, 'directLow': None}, 'reverseHolofoil': {'low': 0.06, 'mid': 0.28, 'high': 4.95, 'market': 0.27, 'directLow': None}}}",0.27,0,False
Brilliant Stars,swsh9,Manaphy,swsh9-41,41,"{'small': 'https://images.pokemontcg.io/swsh9/41.png', 'large': 'https://images.pokemontcg.io/swsh9/41_hires.png'}","{'url': 'https://prices.pokemontcg.io/tcgplayer/swsh9-41', 'updatedAt': '2025/01/08', 'prices': {'normal': {'low': 0.25, 'mid': 1.6, 'high': 5.0, 'market': 1.53, 'directLow': None}, 'reverseHolofoil': {'low': 0.79, 'mid': 1.9, 'high': 5.99, 'market': 1.61, 'directLow': 3.04}}}",1.53,0,False
Brilliant Stars,swsh9,Cubchoo,swsh9-42,42,"{'small': 'https://images.pokemontcg.io/swsh9/42.png', 'large': 'https://images.pokemontcg.io/swsh9/42_hires.png'}","{'url': 'https://prices.pokemontcg.io/tcgplayer/swsh9-42', 'updatedAt': '2025/01/08', 'prices': {'reverseHolofoil': {'low': 0.03, 'mid': 0.15, 'high': 1.31, 'market': 0.11, 'directLow': 0.09}, 'normal': {'low': 0.01, 'mid': 0.08, 'high': 1.18, 'market': 0.07, 'directLow': 0.02}}}",0.07,0,False
Brilliant Stars,swsh9,Beartic,swsh9-43,43,"{'small': 'https://images.pokemontcg.io/swsh9/43.png', 'large': 'https://images.pokemontcg.io/swsh9/43_hires.png'}","{'url': 'https://prices.pokemontcg.io/tcgplayer/swsh9-43', 'updatedAt': '2025/01/08', 'prices': {'normal': {'low': 0.01, 'mid': 0.1, 'high': 1.27, 'market': 0.08, 'directLow': None}, 'reverseHolofoil': {'low': 0.04, 'mid': 0.15, 'high': 2.0, 'market': 0.14, 'directLow': None}}}",0.08,0,False
Brilliant Stars,swsh9,Raichu V,swsh9-45,45,"{'small': 'https://images.pokemontcg.io/swsh9/45.png', 'large': 'https://images.pokemontcg.io/swsh9/45_hires.png'}","{'url': 'https://prices.pokemontcg.io/tcgplayer/swsh9-45', 'updatedAt': '2025/01/08', 'prices': {'holofoil': {'low': 0.4, 'mid': 2.27, 'high': 25.0, 'market': 2.7, 'directLow': 3.95}}}",2.7,0,False
Brilliant Stars,swsh9,Electivire,swsh9-47,47,"{'small': 'https://images.pokemontcg.io/swsh9/47.png', 'large': 'https://images.pokemontcg.io/swsh9/47_hires.png'}","{'url': 'https://prices.pokemontcg.io/tcgplayer/swsh9-47', 'updatedAt': '2025/01/08', 'prices': {'reverseHolofoil': {'low': 0.05, 'mid': 0.2, 'high': 3.3, 'market': 0.19, 'directLow': None}, 'normal': {'low': 0.03, 'mid': 0.15, 'high': 5.05, 'market': 0.12, 'directLow': 0.09}}}",0.12,0,False
Brilliant Stars,swsh9,Raikou V,swsh9-48,48,"{'small': 'https://images.pokemontcg.io/swsh9/48.png', 'large': 'https://images.pokemontcg.io/swsh9/48_hires.png'}","{'url': 'https://prices.pokemontcg.io/tcgplayer/swsh9-48', 'updatedAt': '2025/01/08', 'prices': {'holofoil': {'low': 3.02, 'mid': 5.5, 'high': 24.95, 'market': 4.87, 'directLow': 5.86}}}",4.87,0,False
Brilliant Stars,swsh9,Luxray,swsh9-51,51,"{'small': 'https://images.pokemontcg.io/swsh9/51.png', 'large': 'https://images.pokemontcg.io/swsh9/51_hires.png'}","{'url': 'https://prices.pokemontcg.io/tcgplayer/swsh9-51', 'updatedAt': '2025/01/08', 'prices': {'reverseHolofoil': {'low': 0.07, 'mid': 0.17, 'high': 3.3, 'market': 0.13, 'directLow': None}, 'normal': {'low': 0.02, 'mid': 0.14, 'high': 4.0, 'market': 0.1, 'directLow': None}}}",0.1,0,False
Brilliant Stars,swsh9,Baltoy,swsh9-58,58,"{'small': 'https://images.pokemontcg.io/swsh9/58.png', 'large': 'https://images.pokemontcg.io/swsh9/58_hires.png'}","{'url': 'https://prices.pokemontcg.io/tcgplayer/swsh9-58', 'updatedAt': '2025/01/08', 'prices': {'reverseHolofoil': {'low': 0.03, 'mid': 0.14, 'high': 2.0, 'market': 0.11, 'directLow': None}, 'normal': {'low': 0.01, 'mid': 0.07, 'high': 1.27, 'market': 0.02, 'directLow': 0.01}}}",0.02,0,False
Brilliant Stars,swsh9,Mimikyu VMAX,swsh9-69,69,"{'small': 'https://images.pokemontcg.io/swsh9/69.png', 'large': 'https://images.pokemontcg.io/swsh9/69_hires.png'}","{'url': 'https://prices.pokemontcg.io/tcgplayer/swsh9-69', 'updatedAt': '2025/01/08', 'prices': {'holofoil': {'low': 0.98, 'mid': 2.03, 'high': 13.44, 'market': 1.98, 'directLow': 2.99}}}",1.98,0,False
Brilliant Stars,swsh9,Alcremie,swsh9-71,71,"{'small': 'https://images.pokemontcg.io/swsh9/71.png', 'large': 'https://images.pokemontcg.io/swsh9/71_hires.png'}","{'url': 'https://prices.pokemontcg.io/tcgplayer/swsh9-71', 'updatedAt': '2025/01/08', 'prices': {'normal': {'low': 0.02, 'mid': 0.13, 'high': 5.03, 'market': 0.08, 'directLow': 0.05}, 'reverseHolofoil': {'low': 0.05, 'mid': 0.18, 'high': 3.3, 'market': 0.17, 'directLow': None}}}",0.08,0,False
Brilliant Stars,swsh9,Trapinch,swsh9-74,74,"{'small': 'https://images.pokemontcg.io/swsh9/74.png', 'large': 'https://images.pokemontcg.io/swsh9/74_hires.png'}","{'url': 'https://prices.pokemontcg.io/tcgplayer/swsh9-74', 'updatedAt': '2025/01/08', 'prices': {'normal': {'low': 0.01, 'mid': 0.09, 'high': 1.5, 'market': 0.07, 'directLow': None}, 'reverseHolofoil': {'low': 0.03, 'mid': 0.15, 'high': 2.0, 'market': 0.13, 'directLow': None}}}",0.07,0,False
Brilliant Stars,swsh9,Flygon,swsh9-76,76,"{'small': 'https://images.pokemontcg.io/swsh9/76.png', 'large': 'https://images.pokemontcg.io/swsh9/76_hires.png'}","{'url': 'https://prices.pokemontcg.io/tcgplayer/swsh9-76', 'updatedAt': '2025/01/08', 'prices': {'reverseHolofoil': {'low': 0.02, 'mid': 0.2, 'high': 3.3, 'market': 0.19, 'directLow': 0.15}, 'normal': {'low': 0.03, 'mid': 0.15, 'high': 5.03, 'market': 0.1, 'directLow': 0.08}}}",0.1,0,False
Brilliant Stars,swsh9,Sawk,swsh9-81,81,"{'small': 'https://images.pokemontcg.io/swsh9/81.png', 'large': 'https://images.pokemontcg.io/swsh9/81_hires.png'}","{'url': 'https://prices.pokemontcg.io/tcgplayer/swsh9-81', 'updatedAt': '2025/01/08', 'prices': {'normal': {'low': 0.01, 'mid': 0.09, 'high': 2.02, 'market': 0.03, 'directLow': 0.02}, 'reverseHolofoil': {'low': 0.04, 'mid': 0.15, 'high': 1.04, 'market': 0.13, 'directLow': 0.06}}}",0.03,0,False
Brilliant Stars,swsh9,Muk,swsh9-85,85,"{'small': 'https://images.pokemontcg.io/swsh9/85.png', 'large': 'https://images.pokemontcg.io/swsh9/85_hires.png'}","{'url': 'https://prices.pokemontcg.io/tcgplayer/swsh9-85', 'updatedAt': '2025/01/08', 'prices': {'reverseHolofoil': {'low': 0.05, 'mid': 0.19, 'high': 3.3, 'market': 0.18, 'directLow': 0.12}, 'normal': {'low': 0.01, 'mid': 0.12, 'high': 5.01, 'market': 0.08, 'directLow': 0.07}}}",0.08,0,False
Brilliant Stars,swsh9,Honchkrow V,swsh9-88,88,"{'small': 'https://images.pokemontcg.io/swsh9/88.png', 'large': 'https://images.pokemontcg.io/swsh9/88_hires.png'}","{'url': 'https://prices.pokemontcg.io/tcgplayer/swsh9-88', 'updatedAt': '2025/01/08', 'prices': {'holofoil': {'low': 0.22, 'mid': 0.75, 'high': 5.95, 'market': 0.52, 'directLow': 0.41}}}",0.52,0,False
Brilliant Stars,swsh9,Morgrem,swsh9-93,93,"{'small': 'https://images.pokemontcg.io/swsh9/93.png', 'large': 'https://images.pokemontcg.io/swsh9/93_hires.png'}","{'url': 'https://prices.pokemontcg.io/tcgplayer/swsh9-93', 'updatedAt': '2025/01/08', 'prices': {'normal': {'low': 0.01, 'mid': 0.1, 'high': 1.19, 'market': 0.04, 'directLow': None}, 'reverseHolofoil': {'low': 0.02, 'mid': 0.15, 'high': 2.0, 'market': 0.12, 'directLow': None}}}",0.04,0,False
Brilliant Stars,swsh9,Aggron V,swsh9-96,96,"{'small': 'https://images.pokemontcg.io/swsh9/96.png', 'large': 'https://images.pokemontcg.io/swsh9/96_hires.png'}","{'url': 'https://prices.pokemontcg.io/tcgplayer/swsh9-96', 'updatedAt': '2025/01/08', 'prices': {'holofoil': {'low': 0.25, 'mid': 0.75, 'high': 6.99, 'market': 0.57, 'directLow': None}}}",0.57,0,False
Brilliant Stars,swsh9,Wormadam,swsh9-98,98,"{'small': 'https://images.pokemontcg.io/swsh9/98.png', 'large': 'https://images.pokemontcg.io/swsh9/98_hires.png'}","{'url': 'https://prices.pokemontcg.io/tcgplayer/swsh9-98', 'updatedAt': '2025/01/08', 'prices': {'reverseHolofoil': {'low': 0.03, 'mid': 0.18, 'high': 2.0, 'market': 0.1, 'directLow': 0.09}, 'normal': {'low': 0.01, 'mid': 0.12, 'high': 11.5, 'market': 0.09, 'directLow': 0.07}}}",0.09,0,False
Brilliant Stars,swsh9,Klang,swsh9-103,103,"{'small': 'https://images.pokemontcg.io/swsh9/103.png', 'large': 'https://images.pokemontcg.io/swsh9/103_hires.png'}","{'url': 'https://prices.pokemontcg.io/tcgplayer/swsh9-103', 'updatedAt': '2025/01/08', 'prices': {'normal': {'low': 0.01, 'mid': 0.1, 'high': 1.27, 'market': 0.04, 'directLow': 0.02}, 'reverseHolofoil': {'low': 0.02, 'mid': 0.15, 'high': 2.0, 'market': 0.11, 'directLow': 0.08}}}",0.04,0,False
Brilliant Stars,swsh9,Garchomp,swsh9-109,109,"{'small': 'https://images.pokemontcg.io/swsh9/109.png', 'large': 'https://images.pokemontcg.io/swsh9/109_hires.png'}","{'url': 'https://prices.pokemontcg.io/tcgplayer/swsh9-109', 'updatedAt': '2025/01/08', 'prices': {'reverseHolofoil': {'low': 0.06, 'mid': 0.29, 'high': 4.95, 'market': 0.23, 'directLow': None}, 'holofoil': {'low': 0.04, 'mid': 0.25, 'high': 10.17, 'market': 0.21, 'directLow': None}}}",0.23,0,False
Brilliant Stars,swsh9,Dracovish V,swsh9-114,114,"{'small': 'https://images.pokemontcg.io/swsh9/114.png', 'large': 'https://images.pokemontcg.io/swsh9/114_hires.png'}","{'url': 'https://prices.pokemontcg.io/tcgplayer/swsh9-114', 'updatedAt': '2025/01/08', 'prices': {'holofoil': {'low': 0.23, 'mid': 0.75, 'high': 5.95, 'market': 0.47, 'directLow': None}}}",0.47,0,False
Brilliant Stars,swsh9,Castform,swsh9-116,116,"{'small': 'https://images.pokemontcg.io/swsh9/116.png', 'large': 'https://images.pokemontcg.io/swsh9/116_hires.png'}","{'url': 'https://prices.pokemontcg.io/tcgplayer/swsh9-116', 'updatedAt': '2025/01/08', 'prices': {'normal': {'low': 0.01, 'mid': 0.08, 'high': 1.27, 'market': 0.05, 'directLow': None}, 'reverseHolofoil': {'low': 0.01, 'mid': 0.18, 'high': 2.0, 'market': 0.09, 'directLow': None}}}",0.05,0,False
Brilliant Stars,swsh9,Staraptor,swsh9-119,119,"{'small': 'https://images.pokemontcg.io/swsh9/119.png', 'large': 'https://images.pokemontcg.io/swsh9/119_hires.png'}","{'url': 'https://prices.pokemontcg.io/tcgplayer/swsh9-119', 'updatedAt': '2025/01/08', 'prices': {'reverseHolofoil': {'low': 0.04, 'mid': 0.2, 'high': 2.0, 'market': 0.15, 'directLow': None}, 'normal': {'low': 0.01, 'mid': 0.11, 'high': 11.5, 'market': 0.09, 'directLow': None}}}",0.09,0,False
Brilliant Stars,swsh9,Arceus V,swsh9-122,122,"{'small': 'https://images.pokemontcg.io/swsh9/122.png', 'large': 'https://images.pokemontcg.io/swsh9/122_hires.png'}","{'url': 'https://prices.pokemontcg.io/tcgplayer/swsh9-122', 'updatedAt': '2025/01/08', 'prices': {'holofoil': {'low': 0.87, 'mid': 2.0, 'high': 30.0, 'market': 1.78, 'directLow': 2.8}}}",1.78,0,False
Brilliant Stars,swsh9,Arceus VSTAR,swsh9-123,123,"{'small': 'https://images.pokemontcg.io/swsh9/123.png', 'large': 'https://images.pokemontcg.io/swsh9/123_hires.png'}","{'url': 'https://prices.pokemontcg.io/tcgplayer/swsh9-123', 'updatedAt': '2025/01/08', 'prices': {'holofoil': {'low': 2.25, 'mid': 4.58, 'high': 99.95, 'market': 2.9, 'directLow': 3.0}}}",2.9,0,False
Brilliant Stars,swsh9,Exeggutor,swsh9-2,2,"{'small': 'https://images.pokemontcg.io/swsh9/2.png', 'large': 'https://images.pokemontcg.io/swsh9/2_hires.png'}","{'url': 'https://prices.pokemontcg.io/tcgplayer/swsh9-2', 'updatedAt': '2025/01/08', 'prices': {'normal': {'low': 0.01, 'mid': 0.1, 'high': 1.18, 'market': 0.07, 'directLow': 0.01}, 'reverseHolofoil': {'low': 0.02, 'mid': 0.15, 'high': 2.0, 'market': 0.14, 'directLow': 0.05}}}",0.07,0,False
Brilliant Stars,swsh9,Breloom,swsh9-4,4,"{'small': 'https://images.pokemontcg.io/swsh9/4.png', 'large': 'https://images.pokemontcg.io/swsh9/4_hires.png'}","{'url': 'https://prices.pokemontcg.io/tcgplayer/swsh9-4', 'updatedAt': '2025/01/08', 'prices': {'reverseHolofoil': {'low': 0.04, 'mid': 0.16, 'high': 3.3, 'market': 0.14, 'directLow': None}, 'normal': {'low': 0.01, 'mid': 0.14, 'high': 5.01, 'market': 0.1, 'directLow': 0.06}}}",0.1,0,False
Brilliant Stars,swsh9,Grotle,swsh9-7,7,"{'small': 'https://images.pokemontcg.io/swsh9/7.png', 'large': 'https://images.pokemontcg.io/swsh9/7_hires.png'}","{'url': 'https://prices.pokemontcg.io/tcgplayer/swsh9-7', 'updatedAt': '2025/01/08', 'prices': {'reverseHolofoil': {'low': 0.04, 'mid': 0.2, 'high': 5.48, 'market': 0.17, 'directLow': 0.14}, 'normal': {'low': 0.01, 'mid': 0.1, 'high': 11.5, 'market': 0.06, 'directLow': 0.05}}}",0.06,0,False
Brilliant Stars,swsh9,Burmy,swsh9-9,9,"{'small': 'https://images.pokemontcg.io/swsh9/9.png', 'large': 'https://images.pokemontcg.io/swsh9/9_hires.png'}","{'url': 'https://prices.pokemontcg.io/tcgplayer/swsh9-9', 'updatedAt': '2025/01/08', 'prices': {'normal': {'low': 0.01, 'mid': 0.08, 'high': 2.03, 'market': 0.05, 'directLow': None}, 'reverseHolofoil': {'low': 0.03, 'mid': 0.16, 'high': 2.0, 'market': 0.16, 'directLow': None}}}",0.05,0,False
Brilliant Stars,swsh9,Zarude V,swsh9-16,16,"{'small': 'https://images.pokemontcg.io/swsh9/16.png', 'large': 'https://images.pokemontcg.io/swsh9/16_hires.png'}","{'url': 'https://prices.pokemontcg.io/tcgplayer/swsh9-16', 'updatedAt': '2025/01/08', 'prices': {'holofoil': {'low': 0.23, 'mid': 0.69, 'high': 9.99, 'market': 0.43, 'directLow': 0.35}}}",0.43,0,False
Brilliant Stars,swsh9,Charizard VSTAR,swsh9-18,18,"{'small': 'https://images.pokemontcg.io/swsh9/18.png', 'large': 'https://images.pokemontcg.io/swsh9/18_hires.png'}","{'url': 'https://prices.pokemontcg.io/tcgplayer/swsh9-18', 'updatedAt': '2025/01/08', 'prices': {'holofoil': {'low': 5.15, 'mid': 7.99, 'high': 350.0, 'market': 9.13, 'directLow': 12.14}}}",9.13,0,False
Brilliant Stars,swsh9,Magmar,swsh9-19,19,"{'small': 'https://images.pokemontcg.io/swsh9/19.png', 'large': 'https://images.pokemontcg.io/swsh9/19_hires.png'}","{'url': 'https://prices.pokemontcg.io/tcgplayer/swsh9-19', 'updatedAt': '2025/01/08', 'prices': {'normal': {'low': 0.01, 'mid': 0.08, 'high': 2.02, 'market': 0.04, 'directLow': None}, 'reverseHolofoil': {'low': 0.03, 'mid': 0.15, 'high': 1.52, 'market': 0.15, 'directLow': None}}}",0.04,0,False
Brilliant Stars,swsh9,Magmortar,swsh9-20,20,"{'small': 'https://images.pokemontcg.io/swsh9/20.png', 'large': 'https://images.pokemontcg.io/swsh9/20_hires.png'}","{'url': 'https://prices.pokemontcg.io/tcgplayer/swsh9-20', 'updatedAt': '2025/01/08', 'prices': {'normal': {'low': 0.01, 'mid': 0.15, 'high': 4.0, 'market': 0.08, 'directLow': None}, 'reverseHolofoil': {'low': 0.05, 'mid': 0.19, 'high': 3.69, 'market': 0.15, 'directLow': 0.08}}}",0.08,0,False
Brilliant Stars,swsh9,Entei V,swsh9-22,22,"{'small': 'https://images.pokemontcg.io/swsh9/22.png', 'large': 'https://images.pokemontcg.io/swsh9/22_hires.png'}","{'url': 'https://prices.pokemontcg.io/tcgplayer/swsh9-22', 'updatedAt': '2025/01/08', 'prices': {'holofoil': {'low': 0.65, 'mid': 1.58, 'high': 13.0, 'market': 1.39, 'directLow': 1.86}}}",1.39,0,False
Brilliant Stars,swsh9,Monferno,swsh9-25,25,"{'small': 'https://images.pokemontcg.io/swsh9/25.png', 'large': 'https://images.pokemontcg.io/swsh9/25_hires.png'}","{'url': 'https://prices.pokemontcg.io/tcgplayer/swsh9-25', 'updatedAt': '2025/01/08', 'prices': {'reverseHolofoil': {'low': 0.04, 'mid': 0.15, 'high': 2.0, 'market': 0.14, 'directLow': None}, 'normal': {'low': 0.01, 'mid': 0.1, 'high': 1.19, 'market': 0.04, 'directLow': None}}}",0.04,0,False
Brilliant Stars,swsh9,Piplup,swsh9-35,35,"{'small': 'https://images.pokemontcg.io/swsh9/35.png', 'large': 'https://images.pokemontcg.io/swsh9/35_hires.png'}","{'url': 'https://prices.pokemontcg.io/tcgplayer/swsh9-35', 'updatedAt': '2025/01/08', 'prices': {'reverseHolofoil': {'low': 0.03, 'mid': 0.19, 'high': 2.0, 'market': 0.19, 'directLow': 0.32}, 'normal': {'low': 0.01, 'mid': 0.1, 'high': 11.5, 'market': 0.08, 'directLow': 0.04}}}",0.08,0,False
Brilliant Stars,swsh9,Buizel,swsh9-38,38,"{'small': 'https://images.pokemontcg.io/swsh9/38.png', 'large': 'https://images.pokemontcg.io/swsh9/38_hires.png'}","{'url': 'https://prices.pokemontcg.io/tcgplayer/swsh9-38', 'updatedAt': '2025/01/08', 'prices': {'normal': {'low': 0.01, 'mid': 0.07, 'high': 11.5, 'market': 0.04, 'directLow': 0.02}, 'reverseHolofoil': {'low': 0.02, 'mid': 0.12, 'high': 2.0, 'market': 0.11, 'directLow': 0.04}}}",0.04,0,False
Brilliant Stars,swsh9,Lumineon V,swsh9-40,40,"{'small': 'https://images.pokemontcg.io/swsh9/40.png', 'large': 'https://images.pokemontcg.io/swsh9/40_hires.png'}","{'url': 'https://prices.pokemontcg.io/tcgplayer/swsh9-40', 'updatedAt': '2025/01/08', 'prices': {'holofoil': {'low': 3.0, 'mid': 5.48, 'high': 24.98, 'market': 5.3, 'directLow': 10.49}}}",5.3,0,False
Brilliant Stars,swsh9,Luxio,swsh9-50,50,"{'small': 'https://images.pokemontcg.io/swsh9/50.png', 'large': 'https://images.pokemontcg.io/swsh9/50_hires.png'}","{'url': 'https://prices.pokemontcg.io/tcgplayer/swsh9-50', 'updatedAt': '2025/01/08', 'prices': {'normal': {'low': 0.01, 'mid': 0.1, 'high': 15.0, 'market': 0.05, 'directLow': None}, 'reverseHolofoil': {'low': 0.05, 'mid': 0.17, 'high': 2.0, 'market': 0.17, 'directLow': None}}}",0.05,0,False
Brilliant Stars,swsh9,Pachirisu,swsh9-52,52,"{'small': 'https://images.pokemontcg.io/swsh9/52.png', 'large': 'https://images.pokemontcg.io/swsh9/52_hires.png'}","{'url': 'https://prices.pokemontcg.io/tcgplayer/swsh9-52', 'updatedAt': '2025/01/08', 'prices': {'normal': {'low': 0.01, 'mid': 0.1, 'high': 1.19, 'market': 0.07, 'directLow': None}, 'reverseHolofoil': {'low': 0.04, 'mid': 0.15, 'high': 1.22, 'market': 0.15, 'directLow': 0.1}}}",0.07,0,False
Brilliant Stars,swsh9,Clefairy,swsh9-53,53,"{'small': 'https://images.pokemontcg.io/swsh9/53.png', 'large': 'https://images.pokemontcg.io/swsh9/53_hires.png'}","{'url': 'https://prices.pokemontcg.io/tcgplayer/swsh9-53', 'updatedAt': '2025/01/08', 'prices': {'reverseHolofoil': {'low': 0.04, 'mid': 0.15, 'high': 2.0, 'market': 0.11, 'directLow': 0.09}, 'normal': {'low': 0.01, 'mid': 0.08, 'high': 2.03, 'market': 0.05, 'directLow': None}}}",0.05,0,False
Brilliant Stars,swsh9,Starmie,swsh9-55,55,"{'small': 'https://images.pokemontcg.io/swsh9/55.png', 'large': 'https://images.pokemontcg.io/swsh9/55_hires.png'}","{'url': 'https://prices.pokemontcg.io/tcgplayer/swsh9-55', 'updatedAt': '2025/01/08', 'prices': {'normal': {'low': 0.01, 'mid': 0.1, 'high': 1.27, 'market': 0.06, 'directLow': None}, 'reverseHolofoil': {'low': 0.04, 'mid': 0.15, 'high': 15.0, 'market': 0.14, 'directLow': 0.04}}}",0.06,0,False
Brilliant Stars,swsh9,Claydol,swsh9-59,59,"{'small': 'https://images.pokemontcg.io/swsh9/59.png', 'large': 'https://images.pokemontcg.io/swsh9/59_hires.png'}","{'url': 'https://prices.pokemontcg.io/tcgplayer/swsh9-59', 'updatedAt': '2025/01/08', 'prices': {'normal': {'low': 0.01, 'mid': 0.09, 'high': 1.27, 'market': 0.07, 'directLow': None}, 'reverseHolofoil': {'low': 0.04, 'mid': 0.17, 'high': 2.0, 'market': 0.17, 'directLow': None}}}",0.07,0,False
Brilliant Stars,swsh9,Dusclops,swsh9-61,61,"{'small': 'https://images.pokemontcg.io/swsh9/61.png', 'large': 'https://images.pokemontcg.io/swsh9/61_hires.png'}","{'url': 'https://prices.pokemontcg.io/tcgplayer/swsh9-61', 'updatedAt': '2025/01/08', 'prices': {'normal': {'low': 0.01, 'mid': 0.1, 'high': 1.27, 'market': 0.06, 'directLow': 0.02}, 'reverseHolofoil': {'low': 0.04, 'mid': 0.15, 'high': 2.0, 'market': 0.13, 'directLow': None}}}",0.06,0,False
Brilliant Stars,swsh9,Chimecho,swsh9-63,63,"{'small': 'https://images.pokemontcg.io/swsh9/63.png', 'large': 'https://images.pokemontcg.io/swsh9/63_hires.png'}","{'url': 'https://prices.pokemontcg.io/tcgplayer/swsh9-63', 'updatedAt': '2025/01/08', 'prices': {'normal': {'low': 0.01, 'mid': 0.08, 'high': 2.02, 'market': 0.04, 'directLow': None}, 'reverseHolofoil': {'low': 0.03, 'mid': 0.15, 'high': 2.0, 'market': 0.12, 'directLow': None}}}",0.04,0,False
Brilliant Stars,swsh9,Sigilyph,swsh9-66,66,"{'small': 'https://images.pokemontcg.io/swsh9/66.png', 'large': 'https://images.pokemontcg.io/swsh9/66_hires.png'}","{'url': 'https://prices.pokemontcg.io/tcgplayer/swsh9-66', 'updatedAt': '2025/01/08', 'prices': {'normal': {'low': 0.01, 'mid': 0.1, 'high': 1.27, 'market': 0.05, 'directLow': None}, 'reverseHolofoil': {'low': 0.04, 'mid': 0.15, 'high': 2.0, 'market': 0.12, 'directLow': None}}}",0.05,0,False
Brilliant Stars,swsh9,Dedenne,swsh9-67,67,"{'small': 'https://images.pokemontcg.io/swsh9/67.png', 'large': 'https://images.pokemontcg.io/swsh9/67_hires.png'}","{'url': 'https://prices.pokemontcg.io/tcgplayer/swsh9-67', 'updatedAt': '2025/01/08', 'prices': {'reverseHolofoil': {'low': 0.03, 'mid': 0.18, 'high': 2.0, 'market': 0.18, 'directLow': None}, 'normal': {'low': 0.01, 'mid': 0.07, 'high': 1.27, 'market': 0.06, 'directLow': None}}}",0.06,0,False
Brilliant Stars,swsh9,Hitmontop,swsh9-72,72,"{'small': 'https://images.pokemontcg.io/swsh9/72.png', 'large': 'https://images.pokemontcg.io/swsh9/72_hires.png'}","{'url': 'https://prices.pokemontcg.io/tcgplayer/swsh9-72', 'updatedAt': '2025/01/08', 'prices': {'normal': {'low': 0.01, 'mid': 0.1, 'high': 1.19, 'market': 0.06, 'directLow': 0.02}, 'reverseHolofoil': {'low': 0.03, 'mid': 0.15, 'high': 1.22, 'market': 0.16, 'directLow': None}}}",0.06,0,False
Brilliant Stars,swsh9,Nosepass,swsh9-73,73,"{'small': 'https://images.pokemontcg.io/swsh9/73.png', 'large': 'https://images.pokemontcg.io/swsh9/73_hires.png'}","{'url': 'https://prices.pokemontcg.io/tcgplayer/swsh9-73', 'updatedAt': '2025/01/08', 'prices': {'normal': {'low': 0.01, 'mid': 0.06, 'high': 1.5, 'market': 0.05, 'directLow': None}, 'reverseHolofoil': {'low': 0.03, 'mid': 0.15, 'high': 2.0, 'market': 0.13, 'directLow': None}}}",0.05,0,False
Brilliant Stars,swsh9,Vibrava,swsh9-75,75,"{'small': 'https://images.pokemontcg.io/swsh9/75.png', 'large': 'https://images.pokemontcg.io/swsh9/75_hires.png'}","{'url': 'https://prices.pokemontcg.io/tcgplayer/swsh9-75', 'updatedAt': '2025/01/08', 'prices': {'normal': {'low': 0.01, 'mid': 0.1, 'high': 2.0, 'market': 0.07, 'directLow': None}, 'reverseHolofoil': {'low': 0.04, 'mid': 0.16, 'high': 2.0, 'market': 0.16, 'directLow': None}}}",0.07,0,False
Brilliant Stars,swsh9,Golurk,swsh9-83,83,"{'small': 'https://images.pokemontcg.io/swsh9/83.png', 'large': 'https://images.pokemontcg.io/swsh9/83_hires.png'}","{'url': 'https://prices.pokemontcg.io/tcgplayer/swsh9-83', 'updatedAt': '2025/01/08', 'prices': {'normal': {'low': 0.02, 'mid': 0.12, 'high': 5.03, 'market': 0.08, 'directLow': 0.07}, 'reverseHolofoil': {'low': 0.03, 'mid': 0.17, 'high': 3.3, 'market': 0.15, 'directLow': 0.09}}}",0.08,0,False
Brilliant Stars,swsh9,Grimer,swsh9-84,84,"{'small': 'https://images.pokemontcg.io/swsh9/84.png', 'large': 'https://images.pokemontcg.io/swsh9/84_hires.png'}","{'url': 'https://prices.pokemontcg.io/tcgplayer/swsh9-84', 'updatedAt': '2025/01/08', 'prices': {'reverseHolofoil': {'low': 0.05, 'mid': 0.16, 'high': 2.0, 'market': 0.15, 'directLow': None}, 'normal': {'low': 0.01, 'mid': 0.08, 'high': 1.5, 'market': 0.07, 'directLow': 0.01}}}",0.07,0,False
Brilliant Stars,swsh9,Spiritomb,swsh9-89,89,"{'small': 'https://images.pokemontcg.io/swsh9/89.png', 'large': 'https://images.pokemontcg.io/swsh9/89_hires.png'}","{'url': 'https://prices.pokemontcg.io/tcgplayer/swsh9-89', 'updatedAt': '2025/01/08', 'prices': {'normal': {'low': 0.01, 'mid': 0.06, 'high': 11.5, 'market': 0.04, 'directLow': 0.03}, 'reverseHolofoil': {'low': 0.02, 'mid': 0.15, 'high': 2.0, 'market': 0.15, 'directLow': 0.1}}}",0.04,0,False
Brilliant Stars,swsh9,Liepard,swsh9-91,91,"{'small': 'https://images.pokemontcg.io/swsh9/91.png', 'large': 'https://images.pokemontcg.io/swsh9/91_hires.png'}","{'url': 'https://prices.pokemontcg.io/tcgplayer/swsh9-91', 'updatedAt': '2025/01/08', 'prices': {'normal': {'low': 0.02, 'mid': 0.16, 'high': 5.04, 'market': 0.16, 'directLow': 0.07}, 'reverseHolofoil': {'low': 0.04, 'mid': 0.22, 'high': 3.3, 'market': 0.13, 'directLow': None}}}",0.16,0,False
Brilliant Stars,swsh9,Grimmsnarl,swsh9-94,94,"{'small': 'https://images.pokemontcg.io/swsh9/94.png', 'large': 'https://images.pokemontcg.io/swsh9/94_hires.png'}","{'url': 'https://prices.pokemontcg.io/tcgplayer/swsh9-94', 'updatedAt': '2025/01/08', 'prices': {'reverseHolofoil': {'low': 0.02, 'mid': 0.18, 'high': 2.0, 'market': 0.1, 'directLow': None}, 'normal': {'low': 0.01, 'mid': 0.12, 'high': 2.0, 'market': 0.08, 'directLow': None}}}",0.08,0,False
Brilliant Stars,swsh9,Klinklang,swsh9-104,104,"{'small': 'https://images.pokemontcg.io/swsh9/104.png', 'large': 'https://images.pokemontcg.io/swsh9/104_hires.png'}","{'url': 'https://prices.pokemontcg.io/tcgplayer/swsh9-104', 'updatedAt': '2025/01/08', 'prices': {'normal': {'low': 0.01, 'mid': 0.12, 'high': 4.0, 'market': 0.09, 'directLow': None}, 'reverseHolofoil': {'low': 0.04, 'mid': 0.16, 'high': 2.0, 'market': 0.13, 'directLow': None}}}",0.09,0,False
Brilliant Stars,swsh9,Zamazenta V,swsh9-105,105,"{'small': 'https://images.pokemontcg.io/swsh9/105.png', 'large': 'https://images.pokemontcg.io/swsh9/105_hires.png'}","{'url': 'https://prices.pokemontcg.io/tcgplayer/swsh9-105', 'updatedAt': '2025/01/08', 'prices': {'holofoil': {'low': 0.11, 'mid': 0.7, 'high': 9.99, 'market': 0.47, 'directLow': 0.43}}}",0.47,0,False
Brilliant Stars,swsh9,Gible,swsh9-107,107,"{'small': 'https://images.pokemontcg.io/swsh9/107.png', 'large': 'https://images.pokemontcg.io/swsh9/107_hires.png'}","{'url': 'https://prices.pokemontcg.io/tcgplayer/swsh9-107', 'updatedAt': '2025/01/08', 'prices': {'normal': {'low': 0.01, 'mid': 0.1, 'high': 1.27, 'market': 0.06, 'directLow': None}, 'reverseHolofoil': {'low': 0.05, 'mid': 0.17, 'high': 2.49, 'market': 0.16, 'directLow': None}}}",0.06,0,False
Brilliant Stars,swsh9,Staravia,swsh9-118,118,"{'small': 'https://images.pokemontcg.io/swsh9/118.png', 'large': 'https://images.pokemontcg.io/swsh9/118_hires.png'}","{'url': 'https://prices.pokemontcg.io/tcgplayer/swsh9-118', 'updatedAt': '2025/01/08', 'prices': {'normal': {'low': 0.01, 'mid': 0.1, 'high': 1.18, 'market': 0.06, 'directLow': None}, 'reverseHolofoil': {'low': 0.04, 'mid': 0.15, 'high': 2.0, 'market': 0.09, 'directLow': None}}}",0.06,0,False
Brilliant Stars,swsh9,Bibarel,swsh9-121,121,"{'small': 'https://images.pokemontcg.io/swsh9/121.png', 'large': 'https://images.pokemontcg.io/swsh9/121_hires.png'}","{'url': 'https://prices.pokemontcg.io/tcgplayer/swsh9-121', 'updatedAt': '2025/01/08', 'prices': {'reverseHolofoil': {'low': 0.9, 'mid': 1.46, 'high': 3.99, 'market': 1.46, 'directLow': 2.73}, 'holofoil': {'low': 0.25, 'mid': 1.15, 'high': 9.05, 'market': 1.13, 'directLow': 1.44}}}",1.46,0,False
Brilliant Stars,swsh9,Minccino,swsh9-124,124,"{'small': 'https://images.pokemontcg.io/swsh9/124.png', 'large': 'https://images.pokemontcg.io/swsh9/124_hires.png'}","{'url': 'https://prices.pokemontcg.io/tcgplayer/swsh9-124', 'updatedAt': '2025/01/08', 'prices': {'normal': {'low': 0.01, 'mid': 0.11, 'high': 11.5, 'market': 0.06, 'directLow': None}, 'reverseHolofoil': {'low': 0.05, 'mid': 0.35, 'high': 6.98, 'market': 0.23, 'directLow': None}}}",0.06,0,False
Brilliant Stars,swsh9,Tornadus,swsh9-126,126,"{'small': 'https://images.pokemontcg.io/swsh9/126.png', 'large': 'https://images.pokemontcg.io/swsh9/126_hires.png'}","{'url': 'https://prices.pokemontcg.io/tcgplayer/swsh9-126', 'updatedAt': '2025/01/08', 'prices': {'normal': {'low': 0.01, 'mid': 0.15, 'high': 11.5, 'market': 0.06, 'directLow': 0.06}, 'reverseHolofoil': {'low': 0.03, 'mid': 0.2, 'high': 3.3, 'market': 0.16, 'directLow': 0.09}}}",0.06,0,False
Brilliant Stars,swsh9,Hawlucha,swsh9-127,127,"{'small': 'https://images.pokemontcg.io/swsh9/127.png', 'large': 'https://images.pokemontcg.io/swsh9/127_hires.png'}","{'url': 'https://prices.pokemontcg.io/tcgplayer/swsh9-127', 'updatedAt': '2025/01/08', 'prices': {'reverseHolofoil': {'low': 0.02, 'mid': 0.15, 'high': 2.0, 'market': 0.14, 'directLow': None}, 'normal': {'low': 0.01, 'mid': 0.08, 'high': 1.18, 'market': 0.06, 'directLow': None}}}",0.06,0,False
Brilliant Stars,swsh9,Acerola's Premonition,swsh9-129,129,"{'small': 'https://images.pokemontcg.io/swsh9/129.png', 'large': 'https://images.pokemontcg.io/swsh9/129_hires.png'}","{'url': 'https://prices.pokemontcg.io/tcgplayer/swsh9-129', 'updatedAt': '2025/01/08', 'prices': {'reverseHolofoil': {'low': 0.01, 'mid': 0.15, 'high': 2.0, 'market': 0.13, 'directLow': 0.11}, 'normal': {'low': 0.01, 'mid': 0.1, 'high': 11.5, 'market': 0.03, 'directLow': 0.03}}}",0.03,0,False
Brilliant Stars,swsh9,Roseanne's Backup,swsh9-148,148,"{'small': 'https://images.pokemontcg.io/swsh9/148.png', 'large': 'https://images.pokemontcg.io/swsh9/148_hires.png'}","{'url': 'https://prices.pokemontcg.io/tcgplayer/swsh9-148', 'updatedAt': '2025/01/08', 'prices': {'reverseHolofoil': {'low': 0.06, 'mid': 0.25, 'high': 2.95, 'market': 0.26, 'directLow': 0.25}, 'normal': {'low': 0.01, 'mid': 0.15, 'high': 1.95, 'market': 0.09, 'directLow': 0.05}}}",0.09,0,False
Brilliant Stars,swsh9,Charizard V,swsh9-153,153,"{'small': 'https://images.pokemontcg.io/swsh9/153.png', 'large': 'https://images.pokemontcg.io/swsh9/153_hires.png'}","{'url': 'https://prices.pokemontcg.io/tcgplayer/swsh9-153', 'updatedAt': '2025/01/08', 'prices': {'holofoil': {'low': 14.5, 'mid': 19.99, 'high': 500.0, 'market': 21.49, 'directLow': 15.76}}}",21.49,0,False
Brilliant Stars,swsh9,Charizard V,swsh9-154,154,"{'small': 'https://images.pokemontcg.io/swsh9/154.png', 'large': 'https://images.pokemontcg.io/swsh9/154_hires.png'}","{'url': 'https://prices.pokemontcg.io/tcgplayer/swsh9-154', 'updatedAt': '2025/01/08', 'prices': {'holofoil': {'low': 171.0, 'mid': 215.09, 'high': 1500.0, 'market': 192.08, 'directLow': 175.99}}}",192.08,0,False
Brilliant Stars,swsh9,Raichu V,swsh9-158,158,"{'small': 'https://images.pokemontcg.io/swsh9/158.png', 'large': 'https://images.pokemontcg.io/swsh9/158_hires.png'}","{'url': 'https://prices.pokemontcg.io/tcgplayer/swsh9-158', 'updatedAt': '2025/01/08', 'prices': {'holofoil': {'low': 3.0, 'mid': 4.99, 'high': 24.85, 'market': 4.65, 'directLow': 5.0}}}",4.65,0,False
Brilliant Stars,swsh9,Zamazenta V,swsh9-163,163,"{'small': 'https://images.pokemontcg.io/swsh9/163.png', 'large': 'https://images.pokemontcg.io/swsh9/163_hires.png'}","{'url': 'https://prices.pokemontcg.io/tcgplayer/swsh9-163', 'updatedAt': '2025/01/08', 'prices': {'holofoil': {'low': 0.98, 'mid': 1.57, 'high': 19.99, 'market': 1.57, 'directLow': 1.98}}}",1.57,0,False
Brilliant Stars,swsh9,Flygon V,swsh9-164,164,"{'small': 'https://images.pokemontcg.io/swsh9/164.png', 'large': 'https://images.pokemontcg.io/swsh9/164_hires.png'}","{'url': 'https://prices.pokemontcg.io/tcgplayer/swsh9-164', 'updatedAt': '2025/01/08', 'prices': {'holofoil': {'low': 0.95, 'mid': 1.65, 'high': 19.95, 'market': 1.41, 'directLow': 2.23}}}",1.41,0,False
Brilliant Stars,swsh9,Arceus V,swsh9-166,166,"{'small': 'https://images.pokemontcg.io/swsh9/166.png', 'large': 'https://images.pokemontcg.io/swsh9/166_hires.png'}","{'url': 'https://prices.pokemontcg.io/tcgplayer/swsh9-166', 'updatedAt': '2025/01/08', 'prices': {'holofoil': {'low': 26.24, 'mid': 40.42, 'high': 95.69, 'market': 34.71, 'directLow': 42.88}}}",34.71,0,False
Brilliant Stars,swsh9,Cynthia's Ambition,swsh9-169,169,"{'small': 'https://images.pokemontcg.io/swsh9/169.png', 'large': 'https://images.pokemontcg.io/swsh9/169_hires.png'}","{'url': 'https://prices.pokemontcg.io/tcgplayer/swsh9-169', 'updatedAt': '2025/01/08', 'prices': {'holofoil': {'low': 3.9, 'mid': 5.77, 'high': 99.95, 'market': 5.29, 'directLow': 14.68}}}",5.29,0,False
Brilliant Stars,swsh9,Marnie's Pride,swsh9-171,171,"{'small': 'https://images.pokemontcg.io/swsh9/171.png', 'large': 'https://images.pokemontcg.io/swsh9/171_hires.png'}","{'url': 'https://prices.pokemontcg.io/tcgplayer/swsh9-171', 'updatedAt': '2025/01/08', 'prices': {'holofoil': {'low': 6.19, 'mid': 8.97, 'high': 99.95, 'market': 8.73, 'directLow': 8.0}}}",8.73,0,False
Brilliant Stars,swsh9,Shaymin VSTAR,swsh9-173,173,"{'small': 'https://images.pokemontcg.io/swsh9/173.png', 'large': 'https://images.pokemontcg.io/swsh9/173_hires.png'}","{'url': 'https://prices.pokemontcg.io/tcgplayer/swsh9-173', 'updatedAt': '2025/01/08', 'prices': {'holofoil': {'low': 3.5, 'mid': 5.78, 'high': 29.95, 'market': 4.97, 'directLow': 6.04}}}",4.97,0,False
Brilliant Stars,swsh9,Charizard VSTAR,swsh9-174,174,"{'small': 'https://images.pokemontcg.io/swsh9/174.png', 'large': 'https://images.pokemontcg.io/swsh9/174_hires.png'}","{'url': 'https://prices.pokemontcg.io/tcgplayer/swsh9-174', 'updatedAt': '2025/01/08', 'prices': {'holofoil': {'low': 47.8, 'mid': 60.0, 'high': 5000.0, 'market': 58.77, 'directLow': 69.32}}}",58.77,0,False
Brilliant Stars,swsh9,Galarian Articuno V,swsh9-181,181,"{'small': 'https://images.pokemontcg.io/swsh9/181.png', 'large': 'https://images.pokemontcg.io/swsh9/181_hires.png'}","{'url': 'https://prices.pokemontcg.io/tcgplayer/swsh9-181', 'updatedAt': '2025/01/08', 'prices': {'holofoil': {'low': 5.51, 'mid': 7.78, 'high': 32.0, 'market': 7.9, 'directLow': 11.0}}}",7.9,0,False
Brilliant Stars,swsh9,Drampa V,swsh9-128,128,"{'small': 'https://images.pokemontcg.io/swsh9/128.png', 'large': 'https://images.pokemontcg.io/swsh9/128_hires.png'}","{'url': 'https://prices.pokemontcg.io/tcgplayer/swsh9-128', 'updatedAt': '2025/01/08', 'prices': {'holofoil': {'low': 0.25, 'mid': 0.69, 'high': 29.99, 'market': 0.42, 'directLow': 0.25}}}",0.42,0,False
Brilliant Stars,swsh9,Caf Master,swsh9-133,133,"{'small': 'https://images.pokemontcg.io/swsh9/133.png', 'large': 'https://images.pokemontcg.io/swsh9/133_hires.png'}","{'url': 'https://prices.pokemontcg.io/tcgplayer/swsh9-133', 'updatedAt': '2025/01/08', 'prices': {'normal': {'low': 0.01, 'mid': 0.1, 'high': 1.28, 'market': 0.05, 'directLow': None}, 'reverseHolofoil': {'low': 0.03, 'mid': 0.15, 'high': 2.0, 'market': 0.14, 'directLow': None}}}",0.05,0,False
Brilliant Stars,swsh9,Collapsed Stadium,swsh9-137,137,"{'small': 'https://images.pokemontcg.io/swsh9/137.png', 'large': 'https://images.pokemontcg.io/swsh9/137_hires.png'}","{'url': 'https://prices.pokemontcg.io/tcgplayer/swsh9-137', 'updatedAt': '2025/01/08', 'prices': {'normal': {'low': 0.05, 'mid': 0.2, 'high': 15.2, 'market': 0.16, 'directLow': None}, 'reverseHolofoil': {'low': 0.06, 'mid': 0.28, 'high': 2.0, 'market': 0.28, 'directLow': None}}}",0.16,0,False
Brilliant Stars,swsh9,Fresh Water Set,swsh9-139,139,"{'small': 'https://images.pokemontcg.io/swsh9/139.png', 'large': 'https://images.pokemontcg.io/swsh9/139_hires.png'}","{'url': 'https://prices.pokemontcg.io/tcgplayer/swsh9-139', 'updatedAt': '2025/01/08', 'prices': {'normal': {'low': 0.01, 'mid': 0.1, 'high': 1.28, 'market': 0.05, 'directLow': None}, 'reverseHolofoil': {'low': 0.01, 'mid': 0.15, 'high': 2.0, 'market': 0.11, 'directLow': 0.05}}}",0.05,0,False
Brilliant Stars,swsh9,Kindler,swsh9-143,143,"{'small': 'https://images.pokemontcg.io/swsh9/143.png', 'large': 'https://images.pokemontcg.io/swsh9/143_hires.png'}","{'url': 'https://prices.pokemontcg.io/tcgplayer/swsh9-143', 'updatedAt': '2025/01/08', 'prices': {'reverseHolofoil': {'low': 0.01, 'mid': 0.15, 'high': 2.95, 'market': 0.15, 'directLow': 0.08}, 'normal': {'low': 0.01, 'mid': 0.1, 'high': 11.5, 'market': 0.04, 'directLow': None}}}",0.04,0,False
Brilliant Stars,swsh9,Professor's Research,swsh9-147,147,"{'small': 'https://images.pokemontcg.io/swsh9/147.png', 'large': 'https://images.pokemontcg.io/swsh9/147_hires.png'}","{'url': 'https://prices.pokemontcg.io/tcgplayer/swsh9-147', 'updatedAt': '2025/01/08', 'prices': {'reverseHolofoil': {'low': 0.06, 'mid': 0.24, 'high': 2.95, 'market': 0.17, 'directLow': None}, 'holofoil': {'low': 0.04, 'mid': 0.21, 'high': 5.05, 'market': 0.18, 'directLow': 0.07}}}",0.17,0,False
Brilliant Stars,swsh9,Cheren's Care,swsh9-168,168,"{'small': 'https://images.pokemontcg.io/swsh9/168.png', 'large': 'https://images.pokemontcg.io/swsh9/168_hires.png'}","{'url': 'https://prices.pokemontcg.io/tcgplayer/swsh9-168', 'updatedAt': '2025/01/08', 'prices': {'holofoil': {'low': 0.75, 'mid': 1.75, 'high': 9.99, 'market': 1.59, 'directLow': 1.4}}}",1.59,0,False
Brilliant Stars,swsh9,Kindler,swsh9-170,170,"{'small': 'https://images.pokemontcg.io/swsh9/170.png', 'large': 'https://images.pokemontcg.io/swsh9/170_hires.png'}","{'url': 'https://prices.pokemontcg.io/tcgplayer/swsh9-170', 'updatedAt': '2025/01/08', 'prices': {'holofoil': {'low': 0.5, 'mid': 1.04, 'high': 20.0, 'market': 1.03, 'directLow': 1.0}}}",1.03,0,False
Brilliant Stars,swsh9,Cheren's Care,swsh9-177,177,"{'small': 'https://images.pokemontcg.io/swsh9/177.png', 'large': 'https://images.pokemontcg.io/swsh9/177_hires.png'}","{'url': 'https://prices.pokemontcg.io/tcgplayer/swsh9-177', 'updatedAt': '2025/01/08', 'prices': {'holofoil': {'low': 1.69, 'mid': 3.14, 'high': 15.0, 'market': 3.04, 'directLow': 4.79}}}",3.04,0,False
Brilliant Stars,swsh9,Kindler,swsh9-179,179,"{'small': 'https://images.pokemontcg.io/swsh9/179.png', 'large': 'https://images.pokemontcg.io/swsh9/179_hires.png'}","{'url': 'https://prices.pokemontcg.io/tcgplayer/swsh9-179', 'updatedAt': '2025/01/08', 'prices': {'holofoil': {'low': 1.2, 'mid': 2.67, 'high': 19.95, 'market': 2.43, 'directLow': 2.43}}}",2.43,0,False
Brilliant Stars,swsh9,Galarian Zapdos V,swsh9-182,182,"{'small': 'https://images.pokemontcg.io/swsh9/182.png', 'large': 'https://images.pokemontcg.io/swsh9/182_hires.png'}","{'url': 'https://prices.pokemontcg.io/tcgplayer/swsh9-182', 'updatedAt': '2025/01/08', 'prices': {'holofoil': {'low': 6.2, 'mid': 8.4, 'high': 30.0, 'market': 8.52, 'directLow': 12.14}}}",8.52,0,False
Brilliant Stars,swsh9,Magma Basin,swsh9-185,185,"{'small': 'https://images.pokemontcg.io/swsh9/185.png', 'large': 'https://images.pokemontcg.io/swsh9/185_hires.png'}","{'url': 'https://prices.pokemontcg.io/tcgplayer/swsh9-185', 'updatedAt': '2025/01/08', 'prices': {'holofoil': {'low': 2.99, 'mid': 4.75, 'high': 15.98, 'market': 4.2, 'directLow': 4.7}}}",4.2,0,False
Brilliant Stars,swsh9,Boss's Orders,swsh9-132,132,"{'small': 'https://images.pokemontcg.io/swsh9/132.png', 'large': 'https://images.pokemontcg.io/swsh9/132_hires.png'}","{'url': 'https://prices.pokemontcg.io/tcgplayer/swsh9-132', 'updatedAt': '2025/01/08', 'prices': {'holofoil': {'low': 0.05, 'mid': 0.5, 'high': 4.99, 'market': 0.44, 'directLow': None}, 'reverseHolofoil': {'low': 0.25, 'mid': 0.6, 'high': 4.99, 'market': 0.53, 'directLow': None}}}",0.53,0,False
Brilliant Stars,swsh9,Choice Belt,swsh9-135,135,"{'small': 'https://images.pokemontcg.io/swsh9/135.png', 'large': 'https://images.pokemontcg.io/swsh9/135_hires.png'}","{'url': 'https://prices.pokemontcg.io/tcgplayer/swsh9-135', 'updatedAt': '2025/01/08', 'prices': {'normal': {'low': 0.01, 'mid': 0.1, 'high': 5.0, 'market': 0.05, 'directLow': None}, 'reverseHolofoil': {'low': 0.02, 'mid': 0.2, 'high': 5.95, 'market': 0.17, 'directLow': None}}}",0.05,0,False
Brilliant Stars,swsh9,Cleansing Gloves,swsh9-136,136,"{'small': 'https://images.pokemontcg.io/swsh9/136.png', 'large': 'https://images.pokemontcg.io/swsh9/136_hires.png'}","{'url': 'https://prices.pokemontcg.io/tcgplayer/swsh9-136', 'updatedAt': '2025/01/08', 'prices': {'normal': {'low': 0.01, 'mid': 0.1, 'high': 1.28, 'market': 0.06, 'directLow': 0.02}, 'reverseHolofoil': {'low': 0.03, 'mid': 0.15, 'high': 2.0, 'market': 0.13, 'directLow': None}}}",0.06,0,False
Brilliant Stars,swsh9,Cynthia's Ambition,swsh9-138,138,"{'small': 'https://images.pokemontcg.io/swsh9/138.png', 'large': 'https://images.pokemontcg.io/swsh9/138_hires.png'}","{'url': 'https://prices.pokemontcg.io/tcgplayer/swsh9-138', 'updatedAt': '2025/01/08', 'prices': {'reverseHolofoil': {'low': 0.03, 'mid': 0.19, 'high': 5.95, 'market': 0.17, 'directLow': 0.1}, 'normal': {'low': 0.01, 'mid': 0.1, 'high': 11.5, 'market': 0.06, 'directLow': 0.04}}}",0.06,0,False
Brilliant Stars,swsh9,Friends in Galar,swsh9-140,140,"{'small': 'https://images.pokemontcg.io/swsh9/140.png', 'large': 'https://images.pokemontcg.io/swsh9/140_hires.png'}","{'url': 'https://prices.pokemontcg.io/tcgplayer/swsh9-140', 'updatedAt': '2025/01/08', 'prices': {'normal': {'low': 0.01, 'mid': 0.1, 'high': 1.28, 'market': 0.06, 'directLow': None}, 'reverseHolofoil': {'low': 0.03, 'mid': 0.16, 'high': 1.2, 'market': 0.16, 'directLow': None}}}",0.06,0,False
Brilliant Stars,swsh9,Gloria,swsh9-141,141,"{'small': 'https://images.pokemontcg.io/swsh9/141.png', 'large': 'https://images.pokemontcg.io/swsh9/141_hires.png'}","{'url': 'https://prices.pokemontcg.io/tcgplayer/swsh9-141', 'updatedAt': '2025/01/08', 'prices': {'normal': {'low': 0.01, 'mid': 0.1, 'high': 11.5, 'market': 0.04, 'directLow': 0.01}, 'reverseHolofoil': {'low': 0.03, 'mid': 0.2, 'high': 2.95, 'market': 0.16, 'directLow': None}}}",0.04,0,False
Brilliant Stars,swsh9,Team Yell's Cheer,swsh9-149,149,"{'small': 'https://images.pokemontcg.io/swsh9/149.png', 'large': 'https://images.pokemontcg.io/swsh9/149_hires.png'}","{'url': 'https://prices.pokemontcg.io/tcgplayer/swsh9-149', 'updatedAt': '2025/01/08', 'prices': {'reverseHolofoil': {'low': 0.06, 'mid': 0.2, 'high': 2.0, 'market': 0.16, 'directLow': None}, 'normal': {'low': 0.01, 'mid': 0.11, 'high': 11.5, 'market': 0.06, 'directLow': None}}}",0.06,0,False
Brilliant Stars,swsh9,Double Turbo Energy,swsh9-151,151,"{'small': 'https://images.pokemontcg.io/swsh9/151.png', 'large': 'https://images.pokemontcg.io/swsh9/151_hires.png'}","{'url': 'https://prices.pokemontcg.io/tcgplayer/swsh9-151', 'updatedAt': '2025/01/08', 'prices': {'normal': {'low': 0.09, 'mid': 0.69, 'high': 990.0, 'market': 0.69, 'directLow': 0.75}, 'reverseHolofoil': {'low': 0.55, 'mid': 2.9, 'high': 13.94, 'market': 2.51, 'directLow': 2.51}}}",0.69,0,False
Brilliant Stars,swsh9,Lumineon V,swsh9-155,155,"{'small': 'https://images.pokemontcg.io/swsh9/155.png', 'large': 'https://images.pokemontcg.io/swsh9/155_hires.png'}","{'url': 'https://prices.pokemontcg.io/tcgplayer/swsh9-155', 'updatedAt': '2025/01/08', 'prices': {'holofoil': {'low': 3.69, 'mid': 5.0, 'high': 30.0, 'market': 4.99, 'directLow': 8.94}}}",4.99,0,False
Brilliant Stars,swsh9,Pikachu V,swsh9-157,157,"{'small': 'https://images.pokemontcg.io/swsh9/157.png', 'large': 'https://images.pokemontcg.io/swsh9/157_hires.png'}","{'url': 'https://prices.pokemontcg.io/tcgplayer/swsh9-157', 'updatedAt': '2025/01/08', 'prices': {'holofoil': {'low': 4.0, 'mid': 6.89, 'high': 29.95, 'market': 5.6, 'directLow': 6.5}}}",5.6,0,False
Brilliant Stars,swsh9,Whimsicott V,swsh9-160,160,"{'small': 'https://images.pokemontcg.io/swsh9/160.png', 'large': 'https://images.pokemontcg.io/swsh9/160_hires.png'}","{'url': 'https://prices.pokemontcg.io/tcgplayer/swsh9-160', 'updatedAt': '2025/01/08', 'prices': {'holofoil': {'low': 0.65, 'mid': 1.12, 'high': 5.0, 'market': 1.08, 'directLow': 1.43}}}",1.08,0,False
Brilliant Stars,swsh9,Honchkrow V,swsh9-161,161,"{'small': 'https://images.pokemontcg.io/swsh9/161.png', 'large': 'https://images.pokemontcg.io/swsh9/161_hires.png'}","{'url': 'https://prices.pokemontcg.io/tcgplayer/swsh9-161', 'updatedAt': '2025/01/08', 'prices': {'holofoil': {'low': 0.65, 'mid': 1.3, 'high': 7.0, 'market': 1.1, 'directLow': 1.31}}}",1.1,0,False
Brilliant Stars,swsh9,Arceus V,swsh9-165,165,"{'small': 'https://images.pokemontcg.io/swsh9/165.png', 'large': 'https://images.pokemontcg.io/swsh9/165_hires.png'}","{'url': 'https://prices.pokemontcg.io/tcgplayer/swsh9-165', 'updatedAt': '2025/01/08', 'prices': {'holofoil': {'low': 2.56, 'mid': 4.95, 'high': 29.95, 'market': 4.24, 'directLow': 4.4}}}",4.24,0,False
Brilliant Stars,swsh9,Barry,swsh9-167,167,"{'small': 'https://images.pokemontcg.io/swsh9/167.png', 'large': 'https://images.pokemontcg.io/swsh9/167_hires.png'}","{'url': 'https://prices.pokemontcg.io/tcgplayer/swsh9-167', 'updatedAt': '2025/01/08', 'prices': {'holofoil': {'low': 0.65, 'mid': 1.25, 'high': 9.99, 'market': 1.14, 'directLow': None}}}",1.14,0,False
Brilliant Stars,swsh9,Roseanne's Backup,swsh9-172,172,"{'small': 'https://images.pokemontcg.io/swsh9/172.png', 'large': 'https://images.pokemontcg.io/swsh9/172_hires.png'}","{'url': 'https://prices.pokemontcg.io/tcgplayer/swsh9-172', 'updatedAt': '2025/01/08', 'prices': {'holofoil': {'low': 2.7, 'mid': 4.42, 'high': 24.95, 'market': 4.78, 'directLow': 13.99}}}",4.78,0,False
Brilliant Stars,swsh9,Whimsicott VSTAR,swsh9-175,175,"{'small': 'https://images.pokemontcg.io/swsh9/175.png', 'large': 'https://images.pokemontcg.io/swsh9/175_hires.png'}","{'url': 'https://prices.pokemontcg.io/tcgplayer/swsh9-175', 'updatedAt': '2025/01/08', 'prices': {'holofoil': {'low': 3.27, 'mid': 5.16, 'high': 19.95, 'market': 5.18, 'directLow': 5.2}}}",5.18,0,False
Brilliant Stars,swsh9,Arceus VSTAR,swsh9-176,176,"{'small': 'https://images.pokemontcg.io/swsh9/176.png', 'large': 'https://images.pokemontcg.io/swsh9/176_hires.png'}","{'url': 'https://prices.pokemontcg.io/tcgplayer/swsh9-176', 'updatedAt': '2025/01/08', 'prices': {'holofoil': {'low': 7.99, 'mid': 12.49, 'high': 1000.0, 'market': 10.65, 'directLow': 10.65}}}",10.65,0,False
Brilliant Stars,swsh9,Cynthia's Ambition,swsh9-178,178,"{'small': 'https://images.pokemontcg.io/swsh9/178.png', 'large': 'https://images.pokemontcg.io/swsh9/178_hires.png'}","{'url': 'https://prices.pokemontcg.io/tcgplayer/swsh9-178', 'updatedAt': '2025/01/08', 'prices': {'holofoil': {'low': 2.5, 'mid': 4.33, 'high': 99.95, 'market': 4.42, 'directLow': 4.26}}}",4.42,0,False
Brilliant Stars,swsh9,Roseanne's Backup,swsh9-180,180,"{'small': 'https://images.pokemontcg.io/swsh9/180.png', 'large': 'https://images.pokemontcg.io/swsh9/180_hires.png'}","{'url': 'https://prices.pokemontcg.io/tcgplayer/swsh9-180', 'updatedAt': '2025/01/08', 'prices': {'holofoil': {'low': 1.98, 'mid': 3.08, 'high': 20.0, 'market': 3.13, 'directLow': 3.79}}}",3.13,0,False
Brilliant Stars,swsh9,Arceus VSTAR,swsh9-184,184,"{'small': 'https://images.pokemontcg.io/swsh9/184.png', 'large': 'https://images.pokemontcg.io/swsh9/184_hires.png'}","{'url': 'https://prices.pokemontcg.io/tcgplayer/swsh9-184', 'updatedAt': '2025/01/08', 'prices': {'holofoil': {'low': 9.1, 'mid': 12.62, 'high': 2000.0, 'market': 12.39, 'directLow': 29.94}}}",12.39,0,False
Brilliant Stars,swsh9,Ultra Ball,swsh9-186,186,"{'small': 'https://images.pokemontcg.io/swsh9/186.png', 'large': 'https://images.pokemontcg.io/swsh9/186_hires.png'}","{'url': 'https://prices.pokemontcg.io/tcgplayer/swsh9-186', 'updatedAt': '2025/01/08', 'prices': {'holofoil': {'low': 23.0, 'mid': 28.76, 'high': 53.69, 'market': 25.82, 'directLow': 29.99}}}",25.82,0,False
Brilliant Stars,swsh9,Barry,swsh9-130,130,"{'small': 'https://images.pokemontcg.io/swsh9/130.png', 'large': 'https://images.pokemontcg.io/swsh9/130_hires.png'}","{'url': 'https://prices.pokemontcg.io/tcgplayer/swsh9-130', 'updatedAt': '2025/01/08', 'prices': {'normal': {'low': 0.01, 'mid': 0.1, 'high': 11.5, 'market': 0.04, 'directLow': 0.03}, 'reverseHolofoil': {'low': 0.01, 'mid': 0.15, 'high': 2.0, 'market': 0.11, 'directLow': 0.04}}}",0.04,0,False
Brilliant Stars,swsh9,Blunder Policy,swsh9-131,131,"{'small': 'https://images.pokemontcg.io/swsh9/131.png', 'large': 'https://images.pokemontcg.io/swsh9/131_hires.png'}","{'url': 'https://prices.pokemontcg.io/tcgplayer/swsh9-131', 'updatedAt': '2025/01/08', 'prices': {'reverseHolofoil': {'low': 0.02, 'mid': 0.15, 'high': 2.0, 'market': 0.11, 'directLow': None}, 'normal': {'low': 0.01, 'mid': 0.1, 'high': 2.0, 'market': 0.05, 'directLow': None}}}",0.05,0,False
Brilliant Stars,swsh9,Cheren's Care,swsh9-134,134,"{'small': 'https://images.pokemontcg.io/swsh9/134.png', 'large': 'https://images.pokemontcg.io/swsh9/134_hires.png'}","{'url': 'https://prices.pokemontcg.io/tcgplayer/swsh9-134', 'updatedAt': '2025/01/08', 'prices': {'reverseHolofoil': {'low': 0.02, 'mid': 0.2, 'high': 15.23, 'market': 0.16, 'directLow': 0.14}, 'normal': {'low': 0.01, 'mid': 0.1, 'high': 11.5, 'market': 0.06, 'directLow': 0.02}}}",0.06,0,False
Brilliant Stars,swsh9,Hunting Gloves,swsh9-142,142,"{'small': 'https://images.pokemontcg.io/swsh9/142.png', 'large': 'https://images.pokemontcg.io/swsh9/142_hires.png'}","{'url': 'https://prices.pokemontcg.io/tcgplayer/swsh9-142', 'updatedAt': '2025/01/08', 'prices': {'reverseHolofoil': {'low': 0.01, 'mid': 0.15, 'high': 2.0, 'market': 0.12, 'directLow': None}, 'normal': {'low': 0.01, 'mid': 0.1, 'high': 11.5, 'market': 0.04, 'directLow': 0.02}}}",0.04,0,False
Brilliant Stars,swsh9,Magma Basin,swsh9-144,144,"{'small': 'https://images.pokemontcg.io/swsh9/144.png', 'large': 'https://images.pokemontcg.io/swsh9/144_hires.png'}","{'url': 'https://prices.pokemontcg.io/tcgplayer/swsh9-144', 'updatedAt': '2025/01/08', 'prices': {'reverseHolofoil': {'low': 0.01, 'mid': 0.25, 'high': 2.0, 'market': 0.21, 'directLow': None}, 'normal': {'low': 0.01, 'mid': 0.13, 'high': 11.5, 'market': 0.07, 'directLow': None}}}",0.07,0,False
Brilliant Stars,swsh9,Marnie's Pride,swsh9-145,145,"{'small': 'https://images.pokemontcg.io/swsh9/145.png', 'large': 'https://images.pokemontcg.io/swsh9/145_hires.png'}","{'url': 'https://prices.pokemontcg.io/tcgplayer/swsh9-145', 'updatedAt': '2025/01/08', 'prices': {'normal': {'low': 0.01, 'mid': 0.1, 'high': 990.0, 'market': 0.08, 'directLow': None}, 'reverseHolofoil': {'low': 0.03, 'mid': 0.2, 'high': 2.99, 'market': 0.19, 'directLow': 0.03}}}",0.08,0,False
Brilliant Stars,swsh9,Pot Helmet,swsh9-146,146,"{'small': 'https://images.pokemontcg.io/swsh9/146.png', 'large': 'https://images.pokemontcg.io/swsh9/146_hires.png'}","{'url': 'https://prices.pokemontcg.io/tcgplayer/swsh9-146', 'updatedAt': '2025/01/08', 'prices': {'reverseHolofoil': {'low': 0.05, 'mid': 0.17, 'high': 1.36, 'market': 0.16, 'directLow': 0.12}, 'normal': {'low': 0.01, 'mid': 0.1, 'high': 11.5, 'market': 0.04, 'directLow': 0.18}}}",0.04,0,False
Brilliant Stars,swsh9,Ultra Ball,swsh9-150,150,"{'small': 'https://images.pokemontcg.io/swsh9/150.png', 'large': 'https://images.pokemontcg.io/swsh9/150_hires.png'}","{'url': 'https://prices.pokemontcg.io/tcgplayer/swsh9-150', 'updatedAt': '2025/01/08', 'prices': {'normal': {'low': 0.01, 'mid': 0.15, 'high': 15.14, 'market': 0.11, 'directLow': 0.1}, 'reverseHolofoil': {'low': 0.09, 'mid': 0.28, 'high': 2.99, 'market': 0.27, 'directLow': 0.23}}}",0.11,0,False
Brilliant Stars,swsh9,Shaymin V,swsh9-152,152,"{'small': 'https://images.pokemontcg.io/swsh9/152.png', 'large': 'https://images.pokemontcg.io/swsh9/152_hires.png'}","{'url': 'https://prices.pokemontcg.io/tcgplayer/swsh9-152', 'updatedAt': '2025/01/08', 'prices': {'holofoil': {'low': 0.77, 'mid': 1.5, 'high': 25.99, 'market': 1.24, 'directLow': 1.23}}}",1.24,0,False
Brilliant Stars,swsh9,Lumineon V,swsh9-156,156,"{'small': 'https://images.pokemontcg.io/swsh9/156.png', 'large': 'https://images.pokemontcg.io/swsh9/156_hires.png'}","{'url': 'https://prices.pokemontcg.io/tcgplayer/swsh9-156', 'updatedAt': '2025/01/08', 'prices': {'holofoil': {'low': 12.19, 'mid': 15.55, 'high': 40.0, 'market': 15.17, 'directLow': 17.95}}}",15.17,0,False
Brilliant Stars,swsh9,Granbull V,swsh9-159,159,"{'small': 'https://images.pokemontcg.io/swsh9/159.png', 'large': 'https://images.pokemontcg.io/swsh9/159_hires.png'}","{'url': 'https://prices.pokemontcg.io/tcgplayer/swsh9-159', 'updatedAt': '2025/01/08', 'prices': {'holofoil': {'low': 0.7, 'mid': 1.13, 'high': 5.0, 'market': 1.07, 'directLow': 1.39}}}",1.07,0,False
Brilliant Stars,swsh9,Honchkrow V,swsh9-162,162,"{'small': 'https://images.pokemontcg.io/swsh9/162.png', 'large': 'https://images.pokemontcg.io/swsh9/162_hires.png'}","{'url': 'https://prices.pokemontcg.io/tcgplayer/swsh9-162', 'updatedAt': '2025/01/08', 'prices': {'holofoil': {'low': 5.3, 'mid': 7.97, 'high': 69.95, 'market': 7.73, 'directLow': 7.61}}}",7.73,0,False
Brilliant Stars,swsh9,Galarian Moltres V,swsh9-183,183,"{'small': 'https://images.pokemontcg.io/swsh9/183.png', 'large': 'https://images.pokemontcg.io/swsh9/183_hires.png'}","{'url': 'https://prices.pokemontcg.io/tcgplayer/swsh9-183', 'updatedAt': '2025/01/08', 'prices': {'holofoil': {'low': 7.65, 'mid': 10.0, 'high': 45.99, 'market': 9.29, 'directLow': 11.14}}}",9.29,0,False
,,,,,,,,,
,,,,,,,,,
,,,,,,,,,
,,,,,,,,,
,,,,,,,,,
,,,,,,,,,
,,,,,,,,,
,,,,,,,,,
,,,,,,,,,
,,,,,,,,,
,,,,,,,,,
,,,,,,,,,
,,,,,,,,,
,,,,,,,,,
,,,,,,,,,
,,,,,,,,,
,,,,,,,,,
,,,,,,,,,
,,,,,,,,,
,,,,,,,,,
,,,,,,,,,
,,,,,,,,,
,,,,,,,,,
,,,,,,,,,
,,,,,,,,,
,,,,,,,,,
,,,,,,,,,
,,,,,,,,,
,,,,,,,,,
,,,,,,,,,
,,,,,,,,,
,,,,,,,,,
,,,,,,,,,
,,,,,,,,,
,,,,,,,,,
,,,,,,,,,
,,,,,,,,,
,,,,,,,,,
,,,,,,,,,
,,,,,,,,,
,,,,,,,,,
,,,,,,,,,
,,,,,,,,,
,,,,,,,,,
,,,,,,,,,
,,,,,,,,,
,,,,,,,,,
,,,,,,,,,
,,,,,,,,,
,,,,,,,,,
,,,,,,,,,
,,,,,,,,,
,,,,,,,,,
,,,,,,,,,
,,,,,,,,,
,,,,,,,,,
,,,,,,,,,
,,,,,,,,,
,,,,,,,,,
,,,,,,,,,
,,,,,,,,,
,,,,,,,,,
,,,,,,,,,
,,,,,,,,,
,,,,,,,,,
,,,,,,,,,
,,,,,,,,,
,,,,,,,,,
,,,,,,,,,
,,,,,,,,,
,,,,,,,,,
,,,,,,,,,
,,,,,,,,,
,,,,,,,,,
,,,,,,,,,
,,,,,,,,,
,,,,,,,,,
,,,,,,,,,
,,,,,,,,,
,,,,,,,,,
,,,,,,,,,
,,,,,,,,,
,,,,,,,,,
,,,,,,,,,
,,,,,,,,,
,,,,,,,,,
,,,,,,,,,
,,,,,,,,,
,,,,,,,,,
,,,,,,,,,
,,,,,,,,,
,,,,,,,,,
,,,,,,,,,
,,,,,,,,,
,,,,,,,,,
,,,,,,,,,
,,,,,,,,,
,,,,,,,,,
,,,,,,,,,
,,,,,,,,,
,,,,,,,,,
,,,,,,,,,
,,,,,,,,,
,,,,,,,,,
,,,,,,,,,
,,,,,,,,,
,,,,,,,,,
,,,,,,,,,
,,,,,,,,,
,,,,,,,,,
,,,,,,,,,
,,,,,,,,,
,,,,,,,,,
,,,,,,,,,
,,,,,,,,,
,,,,,,,,,
,,,,,,,,,
,,,,,,,,,
,,,,,,,,,
,,,,,,,,,
,,,,,,,,,
,,,,,,,,,
,,,,,,,,,
,,,,,,,,,
,,,,,,,,,
,,,,,,,,,
,,,,,,,,,
,,,,,,,,,
,,,,,,,,,
,,,,,,,,,
,,,,,,,,,
,,,,,,,,,
,,,,,,,,,
,,,,,,,,,
,,,,,,,,,
,,,,,,,,,
,,,,,,,,,
,,,,,,,,,
,,,,,,,,,
,,,,,,,,,
,,,,,,,,,
,,,,,,,,,
,,,,,,,,,
,,,,,,,,,
,,,,,,,,,
,,,,,,,,,
,,,,,,,,,
,,,,,,,,,
,,,,,,,,,
,,,,,,,,,
,,,,,,,,,
,,,,,,,,,
,,,,,,,,,
,,,,,,,,,
,,,,,,,,,
,,,,,,,,,
,,,,,,,,,
,,,,,,,,,
,,,,,,,,,
,,,,,,,,,
,,,,,,,,,
,,,,,,,,,
,,,,,,,,,
,,,,,,,,,
,,,,,,,,,
,,,,,,,,,
,,,,,,,,,
,,,,,,,,,
,,,,,,,,,
,,,,,,,,,
,,,,,,,,,
,,,,,,,,,
,,,,,,,,,
,,,,,,,,,
,,,,,,,,,
,,,,,,,,,
,,,,,,,,,
,,,,,,,,,
,,,,,,,,,
,,,,,,,,,
,,,,,,,,,
,,,,,,,,,
,,,,,,,,,
,,,,,,,,,
,,,,,,,,,
,,,,,,,,,
,,,,,,,,,
,,,,,,,,,
,,,,,,,,,
,,,,,,,,,
,,,,,,,,,
,,,,,,,,,
,,,,,,,,,
,,,,,,,,,
,,,,,,,,,
,,,,,,,,,
,,,,,,,,,
,,,,,,,,,
,,,,,,,,,
,,,,,,,,,
,,,,,,,,,
,,,,,,,,,
,,,,,,,,,
,,,,,,,,,
,,,,,,,,,
,,,,,,,,,
,,,,,,,,,
,,,,,,,,,
,,,,,,,,,
,,,,,,,,,
,,,,,,,,,
,,,,,,,,,
,,,,,,,,,
,,,,,,,,,
,,,,,,,,,
,,,,,,,,,
,,,,,,,,,
,,,,,,,,,
,,,,,,,,,
,,,,,,,,,
,,,,,,,,,
,,,,,,,,,
,,,,,,,,,
,,,,,,,,,
,,,,,,,,,
,,,,,,,,,
,,,,,,,,,
,,,,,,,,,
,,,,,,,,,
,,,,,,,,,
,,,,,,,,,
,,,,,,,,,
,,,,,,,,,
,,,,,,,,,
,,,,,,,,,
,,,,,,,,,
,,,,,,,,,
,,,,,,,,,
,,,,,,,,,
,,,,,,,,,
,,,,,,,,,
,,,,,,,,,
,,,,,,,,,
,,,,,,,,,
,,,,,,,,,
,,,,,,,,,
,,,,,,,,,
,,,,,,,,,
,,,,,,,,,
,,,,,,,,,
,,,,,,,,,
,,,,,,,,,
,,,,,,,,,
,,,,,,,,,
,,,,,,,,,
,,,,,,,,,
,,,,,,,,,
,,,,,,,,,
,,,,,,,,,
,,,,,,,,,
,,,,,,,,,
,,,,,,,,,
,,,,,,,,,
,,,,,,,,,
,,,,,,,,,
,,,,,,,,,
,,,,,,,,,
,,,,,,,,,
,,,,,,,,,
,,,,,,,,,
,,,,,,,,,
,,,,,,,,,
,,,,,,,,,
,,,,,,,,,
,,,,,,,,,
,,,,,,,,,
,,,,,,,,,
,,,,,,,,,
,,,,,,,,,
,,,,,,,,,
,,,,,,,,,
,,,,,,,,,
,,,,,,,,,
,,,,,,,,,
,,,,,,,,,
,,,,,,,,,
,,,,,,,,,
,,,,,,,,,
,,,,,,,,,
,,,,,,,,,
,,,,,,,,,
,,,,,,,,,
,,,,,,,,,
,,,,,,,,,
,,,,,,,,,
,,,,,,,,,
,,,,,,,,,
,,,,,,,,,
,,,,,,,,,
,,,,,,,,,
,,,,,,,,,
,,,,,,,,,
,,,,,,,,,
,,,,,,,,,
,,,,,,,,,
,,,,,,,,,
,,,,,,,,,
,,,,,,,,,
,,,,,,,,,
,,,,,,,,,
,,,,,,,,,
,,,,,,,,,
,,,,,,,,,
,,,,,,,,,
,,,,,,,,,
,,,,,,,,,
,,,,,,,,,
,,,,,,,,,
,,,,,,,,,
,,,,,,,,,
,,,,,,,,,
,,,,,,,,,
,,,,,,,,,
,,,,,,,,,
,,,,,,,,,
,,,,,,,,,
,,,,,,,,,
,,,,,,,,,
,,,,,,,,,
,,,,,,,,,
,,,,,,,,,
,,,,,,,,,
,,,,,,,,,
,,,,,,,,,
,,,,,,,,,
,,,,,,,,,
,,,,,,,,,
,,,,,,,,,
,,,,,,,,,
,,,,,,,,,
,,,,,,,,,
,,,,,,,,,
,,,,,,,,,
,,,,,,,,,
,,,,,,,,,
,,,,,,,,,
,,,,,,,,,
,,,,,,,,,
,,,,,,,,,
,,,,,,,,,
,,,,,,,,,
,,,,,,,,,
,,,,,,,,,
,,,,,,,,,
,,,,,,,,,
,,,,,,,,,
,,,,,,,,,
,,,,,,,,,
,,,,,,,,,
,,,,,,,,,
,,,,,,,,,
,,,,,,,,,
,,,,,,,,,
,,,,,,,,,
,,,,,,,,,
,,,,,,,,,
,,,,,,,,,
,,,,,,,,,
,,,,,,,,,
,,,,,,,,,
,,,,,,,,,
,,,,,,,,,
,,,,,,,,,
,,,,,,,,,
,,,,,,,,,
,,,,,,,,,
,,,,,,,,,
,,,,,,,,,
,,,,,,,,,
,,,,,,,,,
,,,,,,,,,
,,,,,,,,,
,,,,,,,,,
,,,,,,,,,
,,,,,,,,,
,,,,,,,,,
,,,,,,,,,
,,,,,,,,,
,,,,,,,,,
,,,,,,,,,
,,,,,,,,,
,,,,,,,,,
,,,,,,,,,
,,,,,,,,,
,,,,,,,,,
,,,,,,,,,
,,,,,,,,,
,,,,,,,,,
,,,,,,,,,
,,,,,,,,,
,,,,,,,,,
,,,,,,,,,
,,,,,,,,,
,,,,,,,,,
,,,,,,,,,
,,,,,,,,,
,,,,,,,,,
,,,,,,,,,
,,,,,,,,,
,,,,,,,,,
,,,,,,,,,
,,,,,,,,,
,,,,,,,,,
,,,,,,,,,
,,,,,,,,,
,,,,,,,,,
,,,,,,,,,
,,,,,,,,,
,,,,,,,,,
,,,,,,,,,
,,,,,,,,,
,,,,,,,,,
,,,,,,,,,
,,,,,,,,,
,,,,,,,,,
,,,,,,,,,
,,,,,,,,,
,,,,,,,,,
,,,,,,,,,
,,,,,,,,,
,,,,,,,,,
,,,,,,,,,
,,,,,,,,,
,,,,,,,,,
,,,,,,,,,
,,,,,,,,,
,,,,,,,,,
,,,,,,,,,
,,,,,,,,,
,,,,,,,,,
,,,,,,,,,
,,,,,,,,,
,,,,,,,,,
,,,,,,,,,
,,,,,,,,,
,,,,,,,,,
,,,,,,,,,
,,,,,,,,,
,,,,,,,,,
,,,,,,,,,
,,,,,,,,,
,,,,,,,,,
,,,,,,,,,
,,,,,,,,,
,,,,,,,,,
,,,,,,,,,
,,,,,,,,,
,,,,,,,,,
,,,,,,,,,
,,,,,,,,,
,,,,,,,,,
,,,,,,,,,
,,,,,,,,,
,,,,,,,,,
,,,,,,,,,
,,,,,,,,,
,,,,,,,,,
,,,,,,,,,
,,,,,,,,,
,,,,,,,,,
,,,,,,,,,
,,,,,,,,,
,,,,,,,,,
,,,,,,,,,
,,,,,,,,,
,,,,,,,,,
,,,,,,,,,
,,,,,,,,,
,,,,,,,,,
,,,,,,,,,
,,,,,,,,,
,,,,,,,,,
,,,,,,,,,
,,,,,,,,,
,,,,,,,,,
,,,,,,,,,
,,,,,,,,,
,,,,,,,,,
,,,,,,,,,
,,,,,,,,,
,,,,,,,,,
,,,,,,,,,
,,,,,,,,,
,,,,,,,,,
,,,,,,,,,
,,,,,,,,,
,,,,,,,,,
,,,,,,,,,
,,,,,,,,,
,,,,,,,,,
,,,,,,,,,
,,,,,,,,,
,,,,,,,,,
,,,,,,,,,
,,,,,,,,,
,,,,,,,,,
,,,,,,,,,
,,,,,,,,,
,,,,,,,,,
,,,,,,,,,
,,,,,,,,,
,,,,,,,,,
,,,,,,,,,
,,,,,,,,,
,,,,,,,,,
,,,,,,,,,
,,,,,,,,,
,,,,,,,,,
,,,,,,,,,
,,,,,,,,,
,,,,,,,,,
,,,,,,,,,
,,,,,,,,,
,,,,,,,,,
,,,,,,,,,
,,,,,,,,,
,,,,,,,,,
,,,,,,,,,
,,,,,,,,,
,,,,,,,,,
,,,,,,,,,
,,,,,,,,,
,,,,,,,,,
,,,,,,,,,
,,,,,,,,,
,,,,,,,,,
,,,,,,,,,
,,,,,,,,,
,,,,,,,,,
,,,,,,,,,
,,,,,,,,,
,,,,,,,,,
,,,,,,,,,
,,,,,,,,,
,,,,,,,,,
,,,,,,,,,
,,,,,,,,,
,,,,,,,,,
,,,,,,,,,
,,,,,,,,,
,,,,,,,,,
,,,,,,,,,
,,,,,,,,,
,,,,,,,,,
,,,,,,,,,
,,,,,,,,,
,,,,,,,,,
,,,,,,,,,
,,,,,,,,,
,,,,,,,,,
,,,,,,,,,
,,,,,,,,,
,,,,,,,,,
,,,,,,,,,
,,,,,,,,,
,,,,,,,,,
,,,,,,,,,
,,,,,,,,,
,,,,,,,,,
,,,,,,,,,
,,,,,,,,,
,,,,,,,,,
,,,,,,,,,
,,,,,,,,,
,,,,,,,,,
,,,,,,,,,
,,,,,,,,,
,,,,,,,,,
,,,,,,,,,
,,,,,,,,,
,,,,,,,,,
,,,,,,,,,
,,,,,,,,,
,,,,,,,,,
,,,,,,,,,
,,,,,,,,,
,,,,,,,,,
,,,,,,,,,
,,,,,,,,,
,,,,,,,,,
,,,,,,,,,
,,,,,,,,,
,,,,,,,,,
,,,,,,,,,
,,,,,,,,,
,,,,,,,,,
,,,,,,,,,
,,,,,,,,,
,,,,,,,,,
,,,,,,,,,
,,,,,,,,,
,,,,,,,,,
,,,,,,,,,
,,,,,,,,,
,,,,,,,,,
,,,,,,,,,
,,,,,,,,,
,,,,,,,,,
,,,,,,,,,
,,,,,,,,,
,,,,,,,,,
,,,,,,,,,
,,,,,,,,,
,,,,,,,,,
,,,,,,,,,
,,,,,,,,,
,,,,,,,,,
,,,,,,,,,
,,,,,,,,,
,,,,,,,,,
,,,,,,,,,
,,,,,,,,,
,,,,,,,,,
,,,,,,,,,
,,,,,,,,,
,,,,,,,,,
,,,,,,,,,
,,,,,,,,,
,,,,,,,,,
,,,,,,,,,
,,,,,,,,,
,,,,,,,,,
,,,,,,,,,
,,,,,,,,,
,,,,,,,,,
,,,,,,,,,
,,,,,,,,,
,,,,,,,,,
,,,,,,,,,
,,,,,,,,,
,,,,,,,,,
,,,,,,,,,
,,,,,,,,,
,,,,,,,,,
,,,,,,,,,
,,,,,,,,,
,,,,,,,,,
,,,,,,,,,
,,,,,,,,,
,,,,,,,,,
,,,,,,,,,
,,,,,,,,,
,,,,,,,,,
,,,,,,,,,
,,,,,,,,,
,,,,,,,,,
,,,,,,,,,
,,,,,,,,,
,,,,,,,,,
,,,,,,,,,
,,,,,,,,,
,,,,,,,,,
,,,,,,,,,
,,,,,,,,,
,,,,,,,,,
,,,,,,,,,
,,,,,,,,,
,,,,,,,,,
,,,,,,,,,
,,,,,,,,,
,,,,,,,,,
,,,,,,,,,
,,,,,,,,,
,,,,,,,,,
,,,,,,,,,
,,,,,,,,,
,,,,,,,,,
,,,,,,,,,
,,,,,,,,,
,,,,,,,,,
,,,,,,,,,
,,,,,,,,,
,,,,,,,,,
,,,,,,,,,
,,,,,,,,,
,,,,,,,,,
,,,,,,,,,
,,,,,,,,,
,,,,,,,,,
,,,,,,,,,
,,,,,,,,,
,,,,,,,,,
,,,,,,,,,
,,,,,,,,,
,,,,,,,,,
,,,,,,,,,
,,,,,,,,,
,,,,,,,,,
,,,,,,,,,
,,,,,,,,,
,,,,,,,,,
,,,,,,,,,
,,,,,,,,,
,,,,,,,,,
,,,,,,,,,
,,,,,,,,,
,,,,,,,,,
,,,,,,,,,
,,,,,,,,,
,,,,,,,,,
,,,,,,,,,
,,,,,,,,,
,,,,,,,,,
,,,,,,,,,
,,,,,,,,,
,,,,,,,,,
,,,,,,,,,
,,,,,,,,,
,,,,,,,,,
,,,,,,,,,
,,,,,,,,,
,,,,,,,,,
,,,,,,,,,
,,,,,,,,,
,,,,,,,,,
,,,,,,,,,
,,,,,,,,,
,,,,,,,,,
,,,,,,,,,
,,,,,,,,,
,,,,,,,,,
,,,,,,,,,
,,,,,,,,,
,,,,,,,,,
,,,,,,,,,
,,,,,,,,,
,,,,,,,,,
,,,,,,,,,
,,,,,,,,,
,,,,,,,,,
,,,,,,,,,
,,,,,,,,,
,,,,,,,,,
,,,,,,,,,
,,,,,,,,,
,,,,,,,,,
,,,,,,,,,
,,,,,,,,,
,,,,,,,,,
,,,,,,,,,
,,,,,,,,,
,,,,,,,,,
,,,,,,,,,
,,,,,,,,,
,,,,,,,,,
,,,,,,,,,
,,,,,,,,,
,,,,,,,,,
,,,,,,,,,
,,,,,,,,,
,,,,,,,,,
,,,,,,,,,
,,,,,,,,,
,,,,,,,,,
,,,,,,,,,
,,,,,,,,,
,,,,,,,,,
,,,,,,,,,
,,,,,,,,,
,,,,,,,,,
,,,,,,,,,
,,,,,,,,,
,,,,,,,,,
,,,,,,,,,
,,,,,,,,,
,,,,,,,,,
,,,,,,,,,
,,,,,,,,,
,,,,,,,,,
,,,,,,,,,
,,,,,,,,,
,,,,,,,,,
,,,,,,,,,
,,,,,,,,,
,,,,,,,,,
,,,,,,,,,
,,,,,,,,,
,,,,,,,,,
,,,,,,,,,
,,,,,,,,,
,,,,,,,,,
,,,,,,,,,
,,,,,,,,,
,,,,,,,,,
,,,,,,,,,
,,,,,,,,,
,,,,,,,,,
,,,,,,,,,
,,,,,,,,,
,,,,,,,,,
,,,,,,,,,
,,,,,,,,,
,,,,,,,,,
,,,,,,,,,
,,,,,,,,,
,,,,,,,,,
,,,,,,,,,
,,,,,,,,,
,,,,,,,,,
,,,,,,,,,
,,,,,,,,,
,,,,,,,,,
,,,,,,,,,
,,,,,,,,,
,,,,,,,,,
,,,,,,,,,
,,,,,,,,,
,,,,,,,,,
,,,,,,,,,
,,,,,,,,,
,,,,,,,,,
,,,,,,,,,
,,,,,,,,,
,,,,,,,,,
,,,,,,,,,
,,,,,,,,,
,,,,,,,,,
,,,,,,,,,
,,,,,,,,,
,,,,,,,,,
,,,,,,,,,
,,,,,,,,,
,,,,,,,,,
,,,,,,,,,
,,,,,,,,,
,,,,,,,,,
,,,,,,,,,
,,,,,,,,,
,,,,,,,,,
,,,,,,,,,
,,,,,,,,,
,,,,,,,,,
,,,,,,,,,
,,,,,,,,,
,,,,,,,,,
,,,,,,,,,
,,,,,,,,,
,,,,,,,,,
,,,,,,,,,
,,,,,,,,,
,,,,,,,,,
,,,,,,,,,
,,,,,,,,,
,,,,,,,,,
,,,,,,,,,
,,,,,,,,,
,,,,,,,,,
,,,,,,,,,
,,,,,,,,,
,,,,,,,,,
,,,,,,,,,
,,,,,,,,,
,,,,,,,,,
,,,,,,,,,
,,,,,,,,,
,,,,,,,,,
,,,,,,,,,
,,,,,,,,,
,,,,,,,,,
,,,,,,,,,
,,,,,,,,,
,,,,,,,,,
,,,,,,,,,
,,,,,,,,,
,,,,,,,,,
,,,,,,,,,
,,,,,,,,,
,,,,,,,,,
,,,,,,,,,
,,,,,,,,,
,,,,,,,,,
,,,,,,,,,
,,,,,,,,,
,,,,,,,,,
,,,,,,,,,
,,,,,,,,,
,,,,,,,,,
,,,,,,,,,
,,,,,,,,,
,,,,,,,,,
,,,,,,,,,
,,,,,,,,,
,,,,,,,,,
,,,,,,,,,
,,,,,,,,,
,,,,,,,,,
,,,,,,,,,
,,,,,,,,,
,,,,,,,,,
,,,,,,,,,
,,,,,,,,,
,,,,,,,,,
,,,,,,,,,
,,,,,,,,,
,,,,,,,,,
,,,,,,,,,
,,,,,,,,,
,,,,,,,,,
,,,,,,,,,
,,,,,,,,,
,,,,,,,,,
,,,,,,,,,
,,,,,,,,,
,,,,,,,,,
,,,,,,,,,
,,,,,,,,,
,,,,,,,,,
,,,,,,,,,
,,,,,,,,,
,,,,,,,,,
,,,,,,,,,
,,,,,,,,,
,,,,,,,,,
,,,,,,,,,
,,,,,,,,,
,,,,,,,,,
,,,,,,,,,
,,,,,,,,,
,,,,,,,,,
,,,,,,,,,
,,,,,,,,,
,,,,,,,,,
,,,,,,,,,
,,,,,,,,,
,,,,,,,,,
,,,,,,,,,
,,,,,,,,,
,,,,,,,,,
,,,,,,,,,
,,,,,,,,,
,,,,,,,,,
,,,,,,,,,
,,,,,,,,,
,,,,,,,,,
,,,,,,,,,
,,,,,,,,,
,,,,,,,,,
,,,,,,,,,
,,,,,,,,,
,,,,,,,,,
,,,,,,,,,
,,,,,,,,,
,,,,,,,,,
,,,,,,,,,
,,,,,,,,,
,,,,,,,,,
,,,,,,,,,
,,,,,,,,,
,,,,,,,,,
,,,,,,,,,
,,,,,,,,,
,,,,,,,,,
,,,,,,,,,
,,,,,,,,,
,,,,,,,,,
,,,,,,,,,
,,,,,,,,,
,,,,,,,,,
,,,,,,,,,
,,,,,,,,,
,,,,,,,,,
,,,,,,,,,
,,,,,,,,,
,,,,,,,,,
,,,,,,,,,
,,,,,,,,,
,,,,,,,,,
,,,,,,,,,
,,,,,,,,,
,,,,,,,,,
,,,,,,,,,
,,,,,,,,,
,,,,,,,,,
,,,,,,,,,
,,,,,,,,,
,,,,,,,,,
,,,,,,,,,
,,,,,,,,,
,,,,,,,,,
,,,,,,,,,
,,,,,,,,,
,,,,,,,,,
,,,,,,,,,
,,,,,,,,,
,,,,,,,,,
,,,,,,,,,
,,,,,,,,,
,,,,,,,,,
,,,,,,,,,
,,,,,,,,,
,,,,,,,,,
,,,,,,,,,
,,,,,,,,,
,,,,,,,,,
,,,,,,,,,
,,,,,,,,,
,,,,,,,,,
,,,,,,,,,
,,,,,,,,,
,,,,,,,,,
,,,,,,,,,
,,,,,,,,,
,,,,,,,,,
,,,,,,,,,
,,,,,,,,,
,,,,,,,,,
,,,,,,,,,
,,,,,,,,,
,,,,,,,,,
,,,,,,,,,
,,,,,,,,,
,,,,,,,,,
,,,,,,,,,
,,,,,,,,,
,,,,,,,,,
,,,,,,,,,
,,,,,,,,,
,,,,,,,,,
,,,,,,,,,
,,,,,,,,,
,,,,,,,,,
,,,,,,,,,
,,,,,,,,,
,,,,,,,,,
,,,,,,,,,
,,,,,,,,,
,,,,,,,,,
,,,,,,,,,
,,,,,,,,,
,,,,,,,,,
,,,,,,,,,
,,,,,,,,,
,,,,,,,,,
,,,,,,,,,
,,,,,,,,,
,,,,,,,,,
,,,,,,,,,
,,,,,,,,,
,,,,,,,,,
,,,,,,,,,
,,,,,,,,,
,,,,,,,,,
,,,,,,,,,
,,,,,,,,,
,,,,,,,,,
,,,,,,,,,
,,,,,,,,,
,,,,,,,,,
,,,,,,,,,
,,,,,,,,,
,,,,,,,,,
,,,,,,,,,
,,,,,,,,,
,,,,,,,,,
,,,,,,,,,
,,,,,,,,,
,,,,,,,,,
,,,,,,,,,
,,,,,,,,,
,,,,,,,,,
,,,,,,,,,
,,,,,,,,,
,,,,,,,,,
,,,,,,,,,
,,,,,,,,,
,,,,,,,,,
,,,,,,,,,
,,,,,,,,,
,,,,,,,,,
,,,,,,,,,
,,,,,,,,,
,,,,,,,,,
,,,,,,,,,
,,,,,,,,,
,,,,,,,,,
,,,,,,,,,
,,,,,,,,,
,,,,,,,,,
,,,,,,,,,
,,,,,,,,,
,,,,,,,,,
,,,,,,,,,
,,,,,,,,,
,,,,,,,,,
,,,,,,,,,
,,,,,,,,,
,,,,,,,,,
,,,,,,,,,
,,,,,,,,,
,,,,,,,,,
,,,,,,,,,
,,,,,,,,,
,,,,,,,,,
,,,,,,,,,
,,,,,,,,,
,,,,,,,,,
,,,,,,,,,
,,,,,,,,,
,,,,,,,,,
,,,,,,,,,
,,,,,,,,,
,,,,,,,,,
,,,,,,,,,
,,,,,,,,,
,,,,,,,,,
,,,,,,,,,
,,,,,,,,,
,,,,,,,,,
,,,,,,,,,
,,,,,,,,,
,,,,,,,,,
,,,,,,,,,
,,,,,,,,,
,,,,,,,,,
,,,,,,,,,
,,,,,,,,,
,,,,,,,,,
,,,,,,,,,
,,,,,,,,,
,,,,,,,,,
,,,,,,,,,
,,,,,,,,,
,,,,,,,,,
,,,,,,,,,
,,,,,,,,,
,,,,,,,,,
,,,,,,,,,
,,,,,,,,,
,,,,,,,,,
,,,,,,,,,
,,,,,,,,,
,,,,,,,,,
,,,,,,,,,
,,,,,,,,,
,,,,,,,,,
,,,,,,,,,
,,,,,,,,,
,,,,,,,,,
,,,,,,,,,
,,,,,,,,,
,,,,,,,,,
,,,,,,,,,
,,,,,,,,,
,,,,,,,,,
,,,,,,,,,
,,,,,,,,,
,,,,,,,,,
,,,,,,,,,
,,,,,,,,,
,,,,,,,,,
,,,,,,,,,
,,,,,,,,,
,,,,,,,,,
,,,,,,,,,
,,,,,,,,,
,,,,,,,,,
,,,,,,,,,
,,,,,,,,,
,,,,,,,,,
,,,,,,,,,
,,,,,,,,,
,,,,,,,,,
,,,,,,,,,
,,,,,,,,,
,,,,,,,,,
,,,,,,,,,
,,,,,,,,,
,,,,,,,,,
,,,,,,,,,
,,,,,,,,,
,,,,,,,,,
,,,,,,,,,
,,,,,,,,,
,,,,,,,,,
,,,,,,,,,
,,,,,,,,,
,,,,,,,,,
,,,,,,,,,
,,,,,,,,,
,,,,,,,,,
,,,,,,,,,
,,,,,,,,,
,,,,,,,,,
,,,,,,,,,
,,,,,,,,,
,,,,,,,,,
,,,,,,,,,
,,,,,,,,,
,,,,,,,,,
,,,,,,,,,
,,,,,,,,,
,,,,,,,,,
,,,,,,,,,
,,,,,,,,,
,,,,,,,,,
,,,,,,,,,
,,,,,,,,,
,,,,,,,,,
,,,,,,,,,
,,,,,,,,,
,,,,,,,,,
,,,,,,,,,
,,,,,,,,,
,,,,,,,,,
,,,,,,,,,
,,,,,,,,,
,,,,,,,,,
,,,,,,,,,
,,,,,,,,,
,,,,,,,,,
,,,,,,,,,
,,,,,,,,,
,,,,,,,,,
,,,,,,,,,
,,,,,,,,,
,,,,,,,,,
,,,,,,,,,
,,,,,,,,,
,,,,,,,,,
,,,,,,,,,
,,,,,,,,,
,,,,,,,,,
,,,,,,,,,
,,,,,,,,,
,,,,,,,,,
,,,,,,,,,
,,,,,,,,,
,,,,,,,,,
,,,,,,,,,
,,,,,,,,,
,,,,,,,,,
,,,,,,,,,
,,,,,,,,,
,,,,,,,,,
,,,,,,,,,
,,,,,,,,,
,,,,,,,,,
,,,,,,,,,
,,,,,,,,,
,,,,,,,,,
,,,,,,,,,
,,,,,,,,,
,,,,,,,,,
,,,,,,,,,
,,,,,,,,,
,,,,,,,,,
,,,,,,,,,
,,,,,,,,,
,,,,,,,,,
,,,,,,,,,
,,,,,,,,,
,,,,,,,,,
,,,,,,,,,
,,,,,,,,,
,,,,,,,,,
,,,,,,,,,
,,,,,,,,,
,,,,,,,,,
,,,,,,,,,
,,,,,,,,,
,,,,,,,,,
,,,,,,,,,
,,,,,,,,,
,,,,,,,,,
,,,,,,,,,
,,,,,,,,,
,,,,,,,,,
,,,,,,,,,
,,,,,,,,,
,,,,,,,,,
,,,,,,,,,
,,,,,,,,,
,,,,,,,,,
,,,,,,,,,
,,,,,,,,,
,,,,,,,,,
,,,,,,,,,
,,,,,,,,,
,,,,,,,,,
,,,,,,,,,
,,,,,,,,,
,,,,,,,,,
,,,,,,,,,
,,,,,,,,,
,,,,,,,,,
,,,,,,,,,
,,,,,,,,,
,,,,,,,,,
,,,,,,,,,
,,,,,,,,,
,,,,,,,,,
,,,,,,,,,
,,,,,,,,,
,,,,,,,,,
,,,,,,,,,
,,,,,,,,,
,,,,,,,,,
,,,,,,,,,
,,,,,,,,,
,,,,,,,,,
,,,,,,,,,
,,,,,,,,,
,,,,,,,,,
,,,,,,,,,
,,,,,,,,,
,,,,,,,,,
,,,,,,,,,
,,,,,,,,,
,,,,,,,,,
,,,,,,,,,
,,,,,,,,,
,,,,,,,,,
,,,,,,,,,
,,,,,,,,,
,,,,,,,,,
,,,,,,,,,
,,,,,,,,,
,,,,,,,,,
,,,,,,,,,
,,,,,,,,,
,,,,,,,,,
,,,,,,,,,
,,,,,,,,,
,,,,,,,,,
,,,,,,,,,
,,,,,,,,,
,,,,,,,,,
,,,,,,,,,
,,,,,,,,,
,,,,,,,,,
,,,,,,,,,
,,,,,,,,,
,,,,,,,,,
,,,,,,,,,
,,,,,,,,,
,,,,,,,,,
,,,,,,,,,
,,,,,,,,,
,,,,,,,,,
,,,,,,,,,
,,,,,,,,,
,,,,,,,,,
,,,,,,,,,
,,,,,,,,,
,,,,,,,,,
,,,,,,,,,
,,,,,,,,,
,,,,,,,,,
,,,,,,,,,
,,,,,,,,,
,,,,,,,,,
,,,,,,,,,
,,,,,,,,,
,,,,,,,,,
,,,,,,,,,
,,,,,,,,,
,,,,,,,,,
,,,,,,,,,
,,,,,,,,,
,,,,,,,,,
,,,,,,,,,
,,,,,,,,,
,,,,,,,,,
,,,,,,,,,
,,,,,,,,,
,,,,,,,,,
,,,,,,,,,
,,,,,,,,,
,,,,,,,,,
,,,,,,,,,
,,,,,,,,,
,,,,,,,,,
,,,,,,,,,
,,,,,,,,,
,,,,,,,,,
,,,,,,,,,
,,,,,,,,,
,,,,,,,,,
,,,,,,,,,
,,,,,,,,,
,,,,,,,,,
,,,,,,,,,
,,,,,,,,,
,,,,,,,,,
,,,,,,,,,
,,,,,,,,,
,,,,,,,,,
,,,,,,,,,
,,,,,,,,,
,,,,,,,,,
,,,,,,,,,
,,,,,,,,,
,,,,,,,,,
,,,,,,,,,
,,,,,,,,,
,,,,,,,,,
,,,,,,,,,
,,,,,,,,,
,,,,,,,,,
,,,,,,,,,
,,,,,,,,,
,,,,,,,,,
,,,,,,,,,
,,,,,,,,,
,,,,,,,,,
,,,,,,,,,
,,,,,,,,,
,,,,,,,,,
,,,,,,,,,
,,,,,,,,,
,,,,,,,,,
,,,,,,,,,
,,,,,,,,,
,,,,,,,,,
,,,,,,,,,
,,,,,,,,,
,,,,,,,,,
,,,,,,,,,
,,,,,,,,,
,,,,,,,,,
,,,,,,,,,
,,,,,,,,,
,,,,,,,,,
,,,,,,,,,
,,,,,,,,,
,,,,,,,,,
,,,,,,,,,
,,,,,,,,,
,,,,,,,,,
,,,,,,,,,
,,,,,,,,,
,,,,,,,,,
,,,,,,,,,
,,,,,,,,,
,,,,,,,,,
,,,,,,,,,
,,,,,,,,,
,,,,,,,,,
,,,,,,,,,
,,,,,,,,,
,,,,,,,,,
,,,,,,,,,
,,,,,,,,,
,,,,,,,,,
,,,,,,,,,
,,,,,,,,,
,,,,,,,,,
,,,,,,,,,
,,,,,,,,,
,,,,,,,,,
,,,,,,,,,
,,,,,,,,,
,,,,,,,,,
,,,,,,,,,
,,,,,,,,,
,,,,,,,,,
,,,,,,,,,
,,,,,,,,,
,,,,,,,,,
,,,,,,,,,
,,,,,,,,,
,,,,,,,,,
,,,,,,,,,
,,,,,,,,,
,,,,,,,,,
,,,,,,,,,
,,,,,,,,,
,,,,,,,,,
,,,,,,,,,
,,,,,,,,,
,,,,,,,,,
,,,,,,,,,
,,,,,,,,,
,,,,,,,,,
,,,,,,,,,
,,,,,,,,,
,,,,,,,,,
,,,,,,,,,
,,,,,,,,,
,,,,,,,,,
,,,,,,,,,
,,,,,,,,,
,,,,,,,,,
,,,,,,,,,
,,,,,,,,,
,,,,,,,,,
,,,,,,,,,
,,,,,,,,,
,,,,,,,,,
,,,,,,,,,
,,,,,,,,,
,,,,,,,,,
,,,,,,,,,
,,,,,,,,,
,,,,,,,,,
,,,,,,,,,
,,,,,,,,,
,,,,,,,,,
,,,,,,,,,
,,,,,,,,,
,,,,,,,,,
,,,,,,,,,
,,,,,,,,,
,,,,,,,,,
,,,,,,,,,
,,,,,,,,,
,,,,,,,,,
,,,,,,,,,
,,,,,,,,,
,,,,,,,,,
,,,,,,,,,
,,,,,,,,,
,,,,,,,,,
,,,,,,,,,
,,,,,,,,,
,,,,,,,,,
,,,,,,,,,
,,,,,,,,,
,,,,,,,,,
,,,,,,,,,
,,,,,,,,,
,,,,,,,,,
,,,,,,,,,
,,,,,,,,,
,,,,,,,,,
,,,,,,,,,
,,,,,,,,,
,,,,,,,,,
,,,,,,,,,
,,,,,,,,,
,,,,,,,,,
,,,,,,,,,
,,,,,,,,,
,,,,,,,,,
,,,,,,,,,
,,,,,,,,,
,,,,,,,,,
,,,,,,,,,
,,,,,,,,,
,,,,,,,,,
,,,,,,,,,
,,,,,,,,,
,,,,,,,,,
,,,,,,,,,
,,,,,,,,,
,,,,,,,,,
,,,,,,,,,
,,,,,,,,,
,,,,,,,,,
,,,,,,,,,
,,,,,,,,,
,,,,,,,,,
,,,,,,,,,
,,,,,,,,,
,,,,,,,,,
,,,,,,,,,
,,,,,,,,,
,,,,,,,,,
,,,,,,,,,
,,,,,,,,,
,,,,,,,,,
,,,,,,,,,
,,,,,,,,,
,,,,,,,,,
,,,,,,,,,
,,,,,,,,,
,,,,,,,,,
,,,,,,,,,
,,,,,,,,,
,,,,,,,,,
,,,,,,,,,
,,,,,,,,,
,,,,,,,,,
,,,,,,,,,
,,,,,,,,,
,,,,,,,,,
,,,,,,,,,
,,,,,,,,,
,,,,,,,,,
,,,,,,,,,
,,,,,,,,,
,,,,,,,,,
,,,,,,,,,
,,,,,,,,,
,,,,,,,,,
,,,,,,,,,
,,,,,,,,,
,,,,,,,,,
,,,,,,,,,
,,,,,,,,,
,,,,,,,,,
,,,,,,,,,
,,,,,,,,,
,,,,,,,,,
,,,,,,,,,
,,,,,,,,,
,,,,,,,,,
,,,,,,,,,
,,,,,,,,,
,,,,,,,,,
,,,,,,,,,
,,,,,,,,,
,,,,,,,,,
,,,,,,,,,
,,,,,,,,,
,,,,,,,,,
,,,,,,,,,
,,,,,,,,,
,,,,,,,,,
,,,,,,,,,
,,,,,,,,,
,,,,,,,,,
,,,,,,,,,
,,,,,,,,,
,,,,,,,,,
,,,,,,,,,
,,,,,,,,,
,,,,,,,,,
,,,,,,,,,
,,,,,,,,,
,,,,,,,,,
,,,,,,,,,
,,,,,,,,,
,,,,,,,,,
,,,,,,,,,
,,,,,,,,,
,,,,,,,,,
,,,,,,,,,
,,,,,,,,,
,,,,,,,,,
,,,,,,,,,
,,,,,,,,,
,,,,,,,,,
,,,,,,,,,
,,,,,,,,,
,,,,,,,,,
,,,,,,,,,
,,,,,,,,,
,,,,,,,,,
,,,,,,,,,
,,,,,,,,,
,,,,,,,,,
,,,,,,,,,
,,,,,,,,,
,,,,,,,,,
,,,,,,,,,
,,,,,,,,,
,,,,,,,,,
,,,,,,,,,
,,,,,,,,,
,,,,,,,,,
,,,,,,,,,
,,,,,,,,,
,,,,,,,,,
,,,,,,,,,
,,,,,,,,,
,,,,,,,,,
,,,,,,,,,
,,,,,,,,,
,,,,,,,,,
,,,,,,,,,
,,,,,,,,,
,,,,,,,,,
,,,,,,,,,
,,,,,,,,,
,,,,,,,,,
,,,,,,,,,
,,,,,,,,,
,,,,,,,,,
,,,,,,,,,
,,,,,,,,,
,,,,,,,,,
,,,,,,,,,
,,,,,,,,,
,,,,,,,,,
,,,,,,,,,
,,,,,,,,,
,,,,,,,,,
,,,,,,,,,
,,,,,,,,,
,,,,,,,,,
,,,,,,,,,
,,,,,,,,,
,,,,,,,,,
,,,,,,,,,
,,,,,,,,,
,,,,,,,,,
,,,,,,,,,
,,,,,,,,,
,,,,,,,,,
,,,,,,,,,
,,,,,,,,,
,,,,,,,,,
,,,,,,,,,
,,,,,,,,,
,,,,,,,,,
,,,,,,,,,
,,,,,,,,,
,,,,,,,,,
,,,,,,,,,
,,,,,,,,,
,,,,,,,,,
,,,,,,,,,
,,,,,,,,,
,,,,,,,,,
,,,,,,,,,
,,,,,,,,,
,,,,,,,,,
,,,,,,,,,
,,,,,,,,,
,,,,,,,,,
,,,,,,,,,
,,,,,,,,,
,,,,,,,,,
,,,,,,,,,
,,,,,,,,,
,,,,,,,,,
,,,,,,,,,
,,,,,,,,,
,,,,,,,,,
,,,,,,,,,
,,,,,,,,,
,,,,,,,,,
,,,,,,,,,
,,,,,,,,,
,,,,,,,,,
,,,,,,,,,
,,,,,,,,,
,,,,,,,,,
,,,,,,,,,
,,,,,,,,,
,,,,,,,,,
,,,,,,,,,
,,,,,,,,,
,,,,,,,,,
,,,,,,,,,
,,,,,,,,,
,,,,,,,,,
,,,,,,,,,
,,,,,,,,,
,,,,,,,,,
,,,,,,,,,
,,,,,,,,,
,,,,,,,,,
,,,,,,,,,
,,,,,,,,,
,,,,,,,,,
,,,,,,,,,
,,,,,,,,,
,,,,,,,,,
,,,,,,,,,
,,,,,,,,,
,,,,,,,,,
,,,,,,,,,
,,,,,,,,,
,,,,,,,,,
,,,,,,,,,
,,,,,,,,,
,,,,,,,,,
,,,,,,,,,
,,,,,,,,,
,,,,,,,,,
,,,,,,,,,
,,,,,,,,,
,,,,,,,,,
,,,,,,,,,
,,,,,,,,,
,,,,,,,,,
,,,,,,,,,
,,,,,,,,,
,,,,,,,,,
,,,,,,,,,
,,,,,,,,,
,,,,,,,,,
,,,,,,,,,
,,,,,,,,,
,,,,,,,,,
,,,,,,,,,
,,,,,,,,,
,,,,,,,,,
,,,,,,,,,
,,,,,,,,,
,,,,,,,,,
,,,,,,,,,
,,,,,,,,,
,,,,,,,,,
,,,,,,,,,
,,,,,,,,,
,,,,,,,,,
,,,,,,,,,
,,,,,,,,,
,,,,,,,,,
,,,,,,,,,
,,,,,,,,,
,,,,,,,,,
,,,,,,,,,
,,,,,,,,,
,,,,,,,,,
,,,,,,,,,
,,,,,,,,,
,,,,,,,,,
,,,,,,,,,
,,,,,,,,,
,,,,,,,,,
